{"type":"FeatureCollection","features":[{"type":"Feature","properties":{"nom":"Les Abymes","code":"97101"},"geometry":{"type":"MultiPolygon","coordinates":[[[[-61.549,16.2531],[-61.5463,16.2542],[-61.5467,16.2547],[-61.5466,16.2586],[-61.5475,16.2604],[-61.5471,16.2636],[-61.5476,16.2657],[-61.5462,16.2663],[-61.5484,16.2684],[-61.5474,16.2705],[-61.5476,16.2714],[-61.5488,16.2721],[-61.5488,16.2745],[-61.5479,16.2757],[-61.5488,16.277],[-61.548,16.2783],[-61.5479,16.2799],[-61.5491,16.2813],[-61.5496,16.2828],[-61.5489,16.2836],[-61.5506,16.2849],[-61.5508,16.2868],[-61.5498,16.2895],[-61.5479,16.2909],[-61.5488,16.2902],[-61.5496,16.2906],[-61.548,16.2918],[-61.5478,16.2913],[-61.5464,16.2929],[-61.5441,16.292],[-61.5436,16.2902],[-61.5448,16.2895],[-61.5428,16.2896],[-61.5424,16.289],[-61.5425,16.2872],[-61.5431,16.2867],[-61.5422,16.2871],[-61.5412,16.2893],[-61.5413,16.2921],[-61.5393,16.2918],[-61.5413,16.2924],[-61.5424,16.2961],[-61.5438,16.2953],[-61.545,16.2957],[-61.5471,16.2989],[-61.547,16.3012],[-61.546,16.3022],[-61.5463,16.3031],[-61.5447,16.3043],[-61.5442,16.3035],[-61.5456,16.3027],[-61.5448,16.3009],[-61.5438,16.3008],[-61.5429,16.3027],[-61.5409,16.3026],[-61.5387,16.3061],[-61.537,16.3069],[-61.5376,16.3075],[-61.537,16.3107],[-61.5357,16.3114],[-61.5354,16.3124],[-61.5346,16.3126],[-61.5338,16.3115],[-61.5317,16.3115],[-61.5283,16.3104],[-61.5263,16.3105],[-61.5238,16.3077],[-61.5177,16.3049],[-61.5172,16.3034],[-61.5144,16.3041],[-61.5117,16.3038],[-61.5113,16.3008],[-61.5042,16.3004],[-61.503,16.306],[-61.499,16.3059],[-61.4964,16.3041],[-61.4904,16.3039],[-61.4893,16.3021],[-61.4876,16.3028],[-61.4867,16.3012],[-61.4836,16.302],[-61.4836,16.3031],[-61.4824,16.3037],[-61.4774,16.3053],[-61.4761,16.3039],[-61.4768,16.3029],[-61.478,16.3027],[-61.4766,16.3003],[-61.4757,16.302],[-61.475,16.3023],[-61.4726,16.3003],[-61.4685,16.2999],[-61.4671,16.3016],[-61.4657,16.3023],[-61.4655,16.3004],[-61.4638,16.3009],[-61.4633,16.2998],[-61.4618,16.3002],[-61.4605,16.2977],[-61.4606,16.2965],[-61.4576,16.2951],[-61.4567,16.294],[-61.4572,16.2915],[-61.4559,16.2899],[-61.4535,16.2895],[-61.4522,16.2879],[-61.4478,16.2871],[-61.4473,16.2859],[-61.4465,16.2864],[-61.4463,16.2845],[-61.4429,16.2856],[-61.4433,16.2872],[-61.4421,16.2876],[-61.4398,16.2869],[-61.4385,16.2873],[-61.4379,16.2863],[-61.438,16.2833],[-61.4368,16.2823],[-61.4375,16.2799],[-61.4405,16.2783],[-61.4427,16.2802],[-61.4451,16.2793],[-61.4462,16.2766],[-61.4465,16.2726],[-61.445,16.2731],[-61.4438,16.271],[-61.4444,16.2703],[-61.4439,16.269],[-61.4457,16.2684],[-61.4447,16.2651],[-61.4447,16.2637],[-61.4452,16.2636],[-61.445,16.2614],[-61.4484,16.2629],[-61.4507,16.2616],[-61.452,16.2617],[-61.4525,16.2611],[-61.4524,16.2597],[-61.4538,16.2578],[-61.4577,16.2577],[-61.4585,16.2567],[-61.4597,16.2567],[-61.4604,16.2553],[-61.4601,16.2549],[-61.462,16.2547],[-61.4626,16.2536],[-61.4653,16.2541],[-61.4659,16.2533],[-61.4684,16.2532],[-61.4697,16.2515],[-61.471,16.2517],[-61.4721,16.2509],[-61.4729,16.252],[-61.4745,16.251],[-61.4772,16.2509],[-61.4784,16.2498],[-61.4782,16.2486],[-61.4816,16.2465],[-61.4833,16.2462],[-61.4842,16.2471],[-61.4859,16.247],[-61.4867,16.2462],[-61.4873,16.2466],[-61.4907,16.2419],[-61.492,16.2422],[-61.4921,16.2413],[-61.4938,16.2415],[-61.4978,16.2399],[-61.5004,16.2402],[-61.501,16.2391],[-61.5016,16.2394],[-61.5016,16.237],[-61.5037,16.2355],[-61.5057,16.2359],[-61.5086,16.2385],[-61.5125,16.2367],[-61.5131,16.2328],[-61.5176,16.2313],[-61.5171,16.2288],[-61.5192,16.2253],[-61.5212,16.2248],[-61.5219,16.2241],[-61.5231,16.2241],[-61.5248,16.223],[-61.527,16.2244],[-61.5278,16.2261],[-61.5315,16.2279],[-61.5291,16.2384],[-61.5336,16.2467],[-61.538,16.2481],[-61.549,16.2531]]],[[[-61.5498,16.2811],[-61.5502,16.2805],[-61.5514,16.2818],[-61.5506,16.2823],[-61.5498,16.2811]]],[[[-61.5511,16.2812],[-61.5529,16.2812],[-61.553,16.2816],[-61.5516,16.2823],[-61.5511,16.2812]]],[[[-61.5532,16.2855],[-61.5519,16.2844],[-61.5531,16.2846],[-61.5554,16.2864],[-61.5542,16.2866],[-61.5532,16.2855]]],[[[-61.5544,16.2871],[-61.5555,16.2866],[-61.5565,16.287],[-61.5551,16.2882],[-61.5544,16.2871]]],[[[-61.5509,16.2881],[-61.5523,16.2878],[-61.5527,16.2866],[-61.5535,16.2866],[-61.5535,16.2874],[-61.5542,16.2873],[-61.5544,16.2883],[-61.5539,16.2887],[-61.5533,16.2884],[-61.5531,16.2893],[-61.5524,16.2894],[-61.5509,16.2881]]],[[[-61.5425,16.2935],[-61.5429,16.2928],[-61.5443,16.2926],[-61.545,16.2933],[-61.545,16.2949],[-61.543,16.2953],[-61.542,16.2944],[-61.5425,16.2935]]]]}},{"type":"Feature","properties":{"nom":"Anse-Bertrand","code":"97102"},"geometry":{"type":"Polygon","coordinates":[[[-61.4039,16.446],[-61.4092,16.4431],[-61.4132,16.4423],[-61.4134,16.4408],[-61.4119,16.4405],[-61.4112,16.4392],[-61.4121,16.4314],[-61.4116,16.4312],[-61.4118,16.4293],[-61.4133,16.4292],[-61.4139,16.4273],[-61.4212,16.4275],[-61.4216,16.4199],[-61.4239,16.4199],[-61.4259,16.4192],[-61.427,16.4209],[-61.428,16.4213],[-61.4296,16.4217],[-61.4309,16.4207],[-61.4323,16.4212],[-61.4328,16.4331],[-61.4311,16.434],[-61.432,16.4392],[-61.4345,16.439],[-61.4347,16.4412],[-61.4437,16.4401],[-61.4454,16.4513],[-61.4538,16.4502],[-61.4531,16.4459],[-61.4623,16.4447],[-61.4626,16.4479],[-61.4667,16.4473],[-61.4667,16.445],[-61.4681,16.4442],[-61.4722,16.4436],[-61.472,16.4416],[-61.4749,16.4414],[-61.4746,16.4385],[-61.4795,16.4399],[-61.4903,16.4386],[-61.4907,16.4396],[-61.493,16.4395],[-61.494,16.4446],[-61.4956,16.4441],[-61.4956,16.4451],[-61.4965,16.4451],[-61.4972,16.4482],[-61.5005,16.4473],[-61.5029,16.4455],[-61.5044,16.4463],[-61.5047,16.4471],[-61.5072,16.4482],[-61.5108,16.4475],[-61.5103,16.4484],[-61.5105,16.4525],[-61.511,16.4528],[-61.5112,16.452],[-61.515,16.4513],[-61.5154,16.4526],[-61.5164,16.4534],[-61.5167,16.4552],[-61.5356,16.4529],[-61.5356,16.4535],[-61.5353,16.4551],[-61.5315,16.4582],[-61.529,16.4611],[-61.5259,16.4615],[-61.5233,16.4634],[-61.5227,16.4623],[-61.5224,16.4633],[-61.523,16.4638],[-61.522,16.465],[-61.5219,16.4668],[-61.5173,16.4711],[-61.5147,16.4718],[-61.5122,16.4716],[-61.5116,16.4722],[-61.5098,16.4725],[-61.5086,16.4739],[-61.5074,16.4736],[-61.507,16.4762],[-61.5057,16.4785],[-61.5049,16.4781],[-61.5053,16.4769],[-61.5046,16.477],[-61.5045,16.4779],[-61.5056,16.4789],[-61.504,16.4841],[-61.5007,16.484],[-61.5,16.4853],[-61.4995,16.4848],[-61.4981,16.4854],[-61.4978,16.4863],[-61.4972,16.4857],[-61.4954,16.4866],[-61.4931,16.4893],[-61.4918,16.49],[-61.488,16.4901],[-61.4884,16.4906],[-61.4861,16.4913],[-61.4844,16.495],[-61.484,16.4947],[-61.4829,16.4962],[-61.4816,16.4958],[-61.4818,16.4967],[-61.481,16.497],[-61.4813,16.4975],[-61.4797,16.4979],[-61.4795,16.4986],[-61.4802,16.4994],[-61.4789,16.5012],[-61.4779,16.5054],[-61.4777,16.5048],[-61.4767,16.5047],[-61.4752,16.5057],[-61.475,16.5083],[-61.4737,16.5094],[-61.4739,16.5103],[-61.4735,16.5107],[-61.4705,16.5104],[-61.4709,16.5112],[-61.4703,16.5114],[-61.4702,16.5123],[-61.4695,16.51],[-61.469,16.5108],[-61.4666,16.5107],[-61.466,16.5111],[-61.4662,16.5118],[-61.4656,16.512],[-61.4647,16.5145],[-61.4641,16.5132],[-61.4651,16.5098],[-61.4668,16.5067],[-61.4662,16.5062],[-61.465,16.5069],[-61.4644,16.5056],[-61.4631,16.5047],[-61.4618,16.5052],[-61.462,16.504],[-61.4627,16.5042],[-61.4637,16.5024],[-61.4625,16.5],[-61.4617,16.4994],[-61.4609,16.4997],[-61.4595,16.5018],[-61.4591,16.5017],[-61.4596,16.501],[-61.4593,16.5002],[-61.4581,16.4996],[-61.4578,16.4986],[-61.4571,16.4987],[-61.4567,16.4996],[-61.4561,16.4986],[-61.4557,16.4998],[-61.455,16.4995],[-61.454,16.5007],[-61.4537,16.4986],[-61.4522,16.4974],[-61.4516,16.4976],[-61.4513,16.4987],[-61.4508,16.4984],[-61.4481,16.4994],[-61.4467,16.5009],[-61.4453,16.4995],[-61.4442,16.4997],[-61.4437,16.5004],[-61.4437,16.4966],[-61.4427,16.4942],[-61.4431,16.4924],[-61.4428,16.4916],[-61.4422,16.4919],[-61.4429,16.4903],[-61.4424,16.4891],[-61.4415,16.4887],[-61.4417,16.4865],[-61.4411,16.49],[-61.4402,16.4907],[-61.4402,16.4902],[-61.4391,16.4907],[-61.4393,16.4898],[-61.4383,16.4886],[-61.4376,16.4889],[-61.4362,16.4877],[-61.4352,16.4876],[-61.4352,16.4871],[-61.4338,16.4873],[-61.4345,16.4854],[-61.434,16.4855],[-61.4338,16.4849],[-61.4329,16.4853],[-61.4336,16.4841],[-61.433,16.4833],[-61.432,16.4834],[-61.4307,16.4824],[-61.4299,16.4828],[-61.4296,16.4822],[-61.4286,16.4825],[-61.4277,16.4797],[-61.4285,16.4787],[-61.4275,16.4787],[-61.4267,16.4796],[-61.4271,16.4781],[-61.4262,16.478],[-61.4246,16.476],[-61.4235,16.4762],[-61.4222,16.4747],[-61.421,16.4752],[-61.4206,16.4766],[-61.4201,16.4759],[-61.42,16.4764],[-61.4202,16.4752],[-61.4196,16.4745],[-61.4181,16.4751],[-61.4188,16.4742],[-61.4181,16.4728],[-61.4183,16.4714],[-61.4155,16.472],[-61.4139,16.4693],[-61.4135,16.4693],[-61.4136,16.4699],[-61.4131,16.4694],[-61.4127,16.4707],[-61.4114,16.4695],[-61.4112,16.4681],[-61.4102,16.4676],[-61.4096,16.4653],[-61.4105,16.4642],[-61.41,16.4636],[-61.411,16.4619],[-61.411,16.4605],[-61.4095,16.4601],[-61.4079,16.4607],[-61.4083,16.4596],[-61.4091,16.4595],[-61.4089,16.4583],[-61.4093,16.458],[-61.4081,16.4568],[-61.4076,16.4552],[-61.4075,16.4531],[-61.4081,16.4522],[-61.4063,16.4513],[-61.4076,16.4474],[-61.4068,16.4462],[-61.4054,16.4457],[-61.404,16.447],[-61.4039,16.446]]]}},{"type":"Feature","properties":{"nom":"Baie-Mahault","code":"97103"},"geometry":{"type":"MultiPolygon","coordinates":[[[[-61.5835,16.2345],[-61.588,16.2359],[-61.5898,16.2351],[-61.5928,16.2363],[-61.594,16.2362],[-61.5951,16.2351],[-61.5979,16.2351],[-61.5999,16.2336],[-61.6,16.2328],[-61.6006,16.2333],[-61.6011,16.2328],[-61.6026,16.2328],[-61.6058,16.2308],[-61.6064,16.2302],[-61.6058,16.2298],[-61.6077,16.2284],[-61.6079,16.2273],[-61.6106,16.2252],[-61.6146,16.2259],[-61.6163,16.2228],[-61.62,16.2232],[-61.6224,16.222],[-61.6256,16.2217],[-61.6268,16.2209],[-61.6301,16.2204],[-61.6441,16.2158],[-61.6484,16.2128],[-61.6469,16.2149],[-61.6473,16.2169],[-61.6466,16.2178],[-61.6468,16.2183],[-61.643,16.221],[-61.6422,16.2224],[-61.6407,16.2234],[-61.6409,16.2238],[-61.6396,16.2239],[-61.6396,16.2271],[-61.6428,16.2294],[-61.6408,16.2317],[-61.641,16.2338],[-61.6401,16.2358],[-61.6386,16.2371],[-61.6378,16.2371],[-61.6376,16.2381],[-61.6352,16.2393],[-61.6334,16.2414],[-61.6332,16.2448],[-61.6319,16.2461],[-61.6312,16.2484],[-61.6303,16.249],[-61.6307,16.2498],[-61.6284,16.2525],[-61.6303,16.2562],[-61.6299,16.2584],[-61.6306,16.2607],[-61.6291,16.2623],[-61.6294,16.2635],[-61.6272,16.2658],[-61.6262,16.2693],[-61.6265,16.2728],[-61.6241,16.2757],[-61.618,16.2773],[-61.6176,16.2781],[-61.6167,16.2778],[-61.6149,16.2786],[-61.613,16.2786],[-61.6118,16.2795],[-61.6116,16.2767],[-61.6123,16.2743],[-61.6152,16.2697],[-61.6139,16.2679],[-61.613,16.2679],[-61.6125,16.2672],[-61.6107,16.2684],[-61.6091,16.2683],[-61.6089,16.2689],[-61.6089,16.2683],[-61.6079,16.2682],[-61.606,16.2695],[-61.6046,16.2723],[-61.6023,16.2731],[-61.6024,16.2747],[-61.6,16.2786],[-61.5995,16.2809],[-61.5977,16.282],[-61.5974,16.2816],[-61.5984,16.2809],[-61.5992,16.278],[-61.5977,16.276],[-61.5973,16.2761],[-61.597,16.2749],[-61.5979,16.2728],[-61.6008,16.2713],[-61.6009,16.2696],[-61.5987,16.2665],[-61.5966,16.266],[-61.5957,16.2662],[-61.5956,16.2667],[-61.5956,16.2661],[-61.5944,16.2661],[-61.5937,16.2666],[-61.5909,16.2668],[-61.5895,16.2677],[-61.5893,16.2686],[-61.5843,16.2702],[-61.5836,16.2727],[-61.5842,16.2731],[-61.5837,16.2738],[-61.5841,16.2742],[-61.579,16.279],[-61.5793,16.2819],[-61.5809,16.2825],[-61.5799,16.2839],[-61.5778,16.2838],[-61.5758,16.2852],[-61.5756,16.2841],[-61.5747,16.2833],[-61.575,16.2823],[-61.576,16.2827],[-61.5762,16.281],[-61.5756,16.2808],[-61.5747,16.2813],[-61.5749,16.2819],[-61.574,16.2822],[-61.5734,16.2817],[-61.5723,16.2823],[-61.5697,16.2817],[-61.5701,16.2827],[-61.5698,16.2838],[-61.568,16.2849],[-61.5669,16.2849],[-61.5649,16.2867],[-61.5634,16.2865],[-61.562,16.2835],[-61.5604,16.2833],[-61.5602,16.2857],[-61.5616,16.2857],[-61.5593,16.2866],[-61.5552,16.2849],[-61.554,16.2827],[-61.5528,16.2825],[-61.5538,16.2811],[-61.5538,16.2803],[-61.5533,16.2809],[-61.5529,16.2804],[-61.5533,16.2786],[-61.5551,16.2775],[-61.5555,16.2788],[-61.5566,16.2796],[-61.5601,16.2805],[-61.56,16.279],[-61.561,16.2769],[-61.5607,16.2761],[-61.5594,16.2757],[-61.5595,16.2767],[-61.5589,16.2771],[-61.5581,16.2764],[-61.5573,16.274],[-61.5557,16.2728],[-61.5548,16.2757],[-61.5556,16.2763],[-61.5549,16.2772],[-61.5514,16.279],[-61.5497,16.2776],[-61.5497,16.2725],[-61.5484,16.2707],[-61.5491,16.2683],[-61.5482,16.2672],[-61.5485,16.2657],[-61.5479,16.2635],[-61.5487,16.2604],[-61.5483,16.2592],[-61.5475,16.2589],[-61.5475,16.2564],[-61.5482,16.2551],[-61.5502,16.254],[-61.5495,16.2533],[-61.5521,16.2519],[-61.5534,16.2501],[-61.5485,16.2425],[-61.5503,16.2401],[-61.551,16.2401],[-61.5502,16.2392],[-61.551,16.2361],[-61.55,16.2328],[-61.5491,16.2319],[-61.547,16.2324],[-61.547,16.2328],[-61.5426,16.233],[-61.5418,16.2314],[-61.5469,16.2278],[-61.5451,16.2257],[-61.5444,16.226],[-61.5438,16.2243],[-61.5456,16.2242],[-61.547,16.2233],[-61.5517,16.2242],[-61.5531,16.2259],[-61.5545,16.2294],[-61.5545,16.2307],[-61.5561,16.2328],[-61.5582,16.2338],[-61.559,16.2352],[-61.5611,16.2353],[-61.5626,16.2342],[-61.563,16.2331],[-61.5622,16.232],[-61.5623,16.2312],[-61.5635,16.2322],[-61.5644,16.2322],[-61.5645,16.2333],[-61.5657,16.233],[-61.5664,16.2335],[-61.5664,16.2356],[-61.5675,16.2362],[-61.5703,16.2357],[-61.5716,16.2363],[-61.5749,16.2344],[-61.5776,16.235],[-61.5788,16.237],[-61.5797,16.2373],[-61.5835,16.2345]]],[[[-61.5551,16.2772],[-61.5562,16.2764],[-61.556,16.2782],[-61.5551,16.2772]]]]}},{"type":"Feature","properties":{"nom":"Baillif","code":"97104"},"geometry":{"type":"Polygon","coordinates":[[[-61.6841,16.0895],[-61.683,16.0859],[-61.6806,16.0846],[-61.683,16.0831],[-61.684,16.0812],[-61.6833,16.0751],[-61.6848,16.0744],[-61.6849,16.0728],[-61.6856,16.0721],[-61.685,16.0715],[-61.685,16.0677],[-61.6866,16.0663],[-61.6912,16.0642],[-61.6919,16.0622],[-61.6929,16.0622],[-61.6945,16.0599],[-61.6974,16.0574],[-61.6976,16.0558],[-61.6986,16.0546],[-61.6984,16.0534],[-61.7006,16.051],[-61.7007,16.0492],[-61.702,16.0491],[-61.7022,16.0474],[-61.7037,16.0467],[-61.7047,16.0474],[-61.7063,16.0462],[-61.7076,16.0475],[-61.7081,16.0469],[-61.7077,16.0456],[-61.7092,16.0456],[-61.7085,16.0445],[-61.7098,16.0446],[-61.7095,16.0436],[-61.7105,16.0427],[-61.7102,16.0416],[-61.7111,16.0416],[-61.71,16.0403],[-61.711,16.0395],[-61.7107,16.0386],[-61.7123,16.0386],[-61.7127,16.0376],[-61.7139,16.0375],[-61.7139,16.0366],[-61.7125,16.0357],[-61.7139,16.0355],[-61.7127,16.0345],[-61.7133,16.034],[-61.713,16.032],[-61.7133,16.0315],[-61.7146,16.0317],[-61.7138,16.0303],[-61.7146,16.0302],[-61.7148,16.0296],[-61.7141,16.0283],[-61.7143,16.0272],[-61.7131,16.0264],[-61.7154,16.0243],[-61.7147,16.0236],[-61.7155,16.0215],[-61.7177,16.0223],[-61.7177,16.0202],[-61.7199,16.0194],[-61.7197,16.0185],[-61.7205,16.0178],[-61.7202,16.0164],[-61.7217,16.0174],[-61.721,16.0159],[-61.7237,16.0162],[-61.7239,16.015],[-61.7247,16.0149],[-61.7252,16.014],[-61.7289,16.0116],[-61.7301,16.0113],[-61.7315,16.0123],[-61.7331,16.0116],[-61.7336,16.0127],[-61.7351,16.0111],[-61.7369,16.011],[-61.7383,16.01],[-61.7392,16.01],[-61.7397,16.0108],[-61.7411,16.0113],[-61.7439,16.0105],[-61.7464,16.0109],[-61.7472,16.0178],[-61.747,16.0221],[-61.748,16.0225],[-61.7487,16.0257],[-61.7485,16.0279],[-61.7494,16.0306],[-61.7505,16.0324],[-61.7511,16.0324],[-61.7509,16.0342],[-61.7492,16.0346],[-61.7481,16.0367],[-61.7456,16.0365],[-61.7448,16.0375],[-61.7418,16.038],[-61.7413,16.0392],[-61.7402,16.0389],[-61.7374,16.0401],[-61.7379,16.0415],[-61.7346,16.0455],[-61.7345,16.0463],[-61.7355,16.0476],[-61.7333,16.0484],[-61.7323,16.0511],[-61.7324,16.0531],[-61.7311,16.056],[-61.7295,16.0567],[-61.7287,16.0587],[-61.7253,16.0603],[-61.7218,16.0666],[-61.7189,16.0673],[-61.7169,16.0705],[-61.7153,16.071],[-61.7136,16.0705],[-61.7119,16.0709],[-61.7108,16.0725],[-61.7099,16.0728],[-61.7096,16.0739],[-61.7062,16.0744],[-61.7017,16.0738],[-61.6987,16.0749],[-61.6976,16.0763],[-61.6947,16.0765],[-61.6934,16.0795],[-61.6922,16.0806],[-61.6923,16.0828],[-61.6898,16.0833],[-61.6879,16.0848],[-61.6841,16.0895]]]}},{"type":"Feature","properties":{"nom":"Basse-Terre","code":"97105"},"geometry":{"type":"Polygon","coordinates":[[[-61.7125,15.9966],[-61.7132,15.9957],[-61.7144,15.9955],[-61.714,15.9945],[-61.715,15.9944],[-61.7148,15.9932],[-61.7162,15.9934],[-61.7164,15.9927],[-61.7176,15.9927],[-61.7176,15.9914],[-61.7191,15.9903],[-61.7192,15.9894],[-61.7211,15.9892],[-61.721,15.9882],[-61.7219,15.9879],[-61.7229,15.9857],[-61.7294,15.991],[-61.731,15.9929],[-61.7307,15.9932],[-61.7317,15.995],[-61.7324,15.9958],[-61.7329,15.9952],[-61.7344,15.9971],[-61.7343,15.9975],[-61.7335,15.9972],[-61.7336,15.9977],[-61.7386,16.0026],[-61.7426,16.005],[-61.7463,16.0104],[-61.7411,16.0113],[-61.7397,16.0108],[-61.7392,16.01],[-61.7383,16.01],[-61.7369,16.011],[-61.7351,16.0111],[-61.7339,16.0126],[-61.7334,16.0126],[-61.7331,16.0116],[-61.7315,16.0123],[-61.7306,16.0117],[-61.7309,16.0114],[-61.7295,16.0091],[-61.7259,16.006],[-61.724,16.0036],[-61.7225,16.0037],[-61.7209,16.0022],[-61.7189,16.0029],[-61.7177,16.0026],[-61.7186,16.0015],[-61.7125,15.9966]]]}},{"type":"Feature","properties":{"nom":"Bouillante","code":"97106"},"geometry":{"type":"MultiPolygon","coordinates":[[[[-61.7365,16.1807],[-61.7355,16.1786],[-61.7355,16.1771],[-61.7327,16.1727],[-61.7323,16.1712],[-61.7313,16.1707],[-61.7308,16.1695],[-61.7314,16.169],[-61.7314,16.1677],[-61.7305,16.1668],[-61.7297,16.1644],[-61.7305,16.1606],[-61.7293,16.1586],[-61.7302,16.1538],[-61.7276,16.1498],[-61.7247,16.1486],[-61.7248,16.1443],[-61.724,16.1429],[-61.7243,16.1418],[-61.7235,16.1391],[-61.7241,16.1353],[-61.7262,16.1329],[-61.7282,16.1321],[-61.729,16.1306],[-61.7315,16.1283],[-61.7317,16.1242],[-61.7335,16.1204],[-61.7329,16.1152],[-61.7335,16.1135],[-61.7367,16.1121],[-61.7379,16.1104],[-61.7403,16.1103],[-61.7405,16.1113],[-61.741,16.1114],[-61.7425,16.1106],[-61.743,16.1087],[-61.7452,16.1094],[-61.7461,16.1081],[-61.7476,16.1084],[-61.7484,16.1071],[-61.7515,16.1062],[-61.752,16.1039],[-61.754,16.1016],[-61.7614,16.0977],[-61.7631,16.0961],[-61.765,16.0914],[-61.7665,16.0905],[-61.7692,16.0904],[-61.7702,16.0896],[-61.7717,16.0898],[-61.7718,16.0907],[-61.7731,16.0913],[-61.7726,16.0924],[-61.7734,16.0933],[-61.7717,16.094],[-61.7706,16.0952],[-61.7706,16.0959],[-61.7722,16.0972],[-61.7734,16.0964],[-61.7728,16.0973],[-61.7738,16.0981],[-61.7719,16.0997],[-61.7721,16.1009],[-61.7728,16.1005],[-61.7721,16.1016],[-61.7729,16.1021],[-61.7744,16.1019],[-61.775,16.1043],[-61.7733,16.1051],[-61.7728,16.1059],[-61.7735,16.1093],[-61.7747,16.1108],[-61.7737,16.1123],[-61.7744,16.1147],[-61.7744,16.1172],[-61.7734,16.1209],[-61.7745,16.1226],[-61.7744,16.1234],[-61.7735,16.1238],[-61.774,16.1246],[-61.7735,16.1256],[-61.7745,16.1264],[-61.7722,16.127],[-61.7718,16.1278],[-61.7705,16.1277],[-61.7698,16.1304],[-61.7709,16.1325],[-61.7707,16.1334],[-61.7715,16.1355],[-61.7735,16.1365],[-61.7749,16.1388],[-61.7781,16.1397],[-61.7801,16.1396],[-61.7802,16.1401],[-61.779,16.1409],[-61.7791,16.1433],[-61.7772,16.1443],[-61.7781,16.1458],[-61.7766,16.1461],[-61.7752,16.1487],[-61.7762,16.1499],[-61.7756,16.1527],[-61.7765,16.1573],[-61.7764,16.161],[-61.7759,16.161],[-61.7766,16.1617],[-61.7758,16.1654],[-61.7765,16.1686],[-61.7774,16.1698],[-61.776,16.1713],[-61.7792,16.1745],[-61.783,16.1739],[-61.7842,16.1763],[-61.7842,16.1773],[-61.7832,16.178],[-61.7838,16.1792],[-61.7834,16.1797],[-61.7841,16.1804],[-61.7837,16.1808],[-61.7841,16.1831],[-61.7835,16.1845],[-61.784,16.1861],[-61.7824,16.1872],[-61.7825,16.1877],[-61.7814,16.1878],[-61.7798,16.1871],[-61.778,16.1849],[-61.7758,16.1836],[-61.7739,16.1832],[-61.771,16.1813],[-61.7646,16.1803],[-61.7588,16.1813],[-61.7503,16.1859],[-61.749,16.1845],[-61.7478,16.1842],[-61.7429,16.1837],[-61.7414,16.1828],[-61.7386,16.1831],[-61.7365,16.1807]]],[[[-61.7893,16.1668],[-61.7885,16.1667],[-61.7885,16.1661],[-61.7894,16.166],[-61.7893,16.1668]]],[[[-61.7891,16.1673],[-61.7897,16.1679],[-61.7901,16.1672],[-61.7912,16.167],[-61.792,16.1673],[-61.792,16.1679],[-61.7903,16.1685],[-61.7907,16.1693],[-61.7899,16.1696],[-61.7881,16.1684],[-61.7884,16.1674],[-61.7891,16.1673]]]]}},{"type":"Feature","properties":{"nom":"Capesterre-Belle-Eau","code":"97107"},"geometry":{"type":"Polygon","coordinates":[[[-61.6841,16.0895],[-61.6804,16.092],[-61.6771,16.0921],[-61.6756,16.0911],[-61.6682,16.0902],[-61.6664,16.0925],[-61.6635,16.0946],[-61.661,16.0938],[-61.6578,16.0939],[-61.6537,16.0918],[-61.6506,16.092],[-61.6483,16.0909],[-61.6409,16.092],[-61.6333,16.0865],[-61.6312,16.0859],[-61.627,16.0868],[-61.6252,16.0853],[-61.6216,16.0836],[-61.6195,16.0844],[-61.6179,16.0862],[-61.6177,16.0873],[-61.6139,16.0897],[-61.6117,16.0908],[-61.6073,16.0915],[-61.6041,16.0933],[-61.6022,16.0954],[-61.5961,16.0955],[-61.5911,16.0977],[-61.5898,16.0976],[-61.5891,16.0982],[-61.5894,16.0989],[-61.5882,16.0988],[-61.5889,16.0996],[-61.5879,16.0999],[-61.5878,16.1005],[-61.5872,16.1001],[-61.5876,16.1009],[-61.5872,16.1021],[-61.5852,16.1022],[-61.5846,16.1029],[-61.584,16.1028],[-61.5838,16.1038],[-61.5832,16.1035],[-61.5817,16.104],[-61.5818,16.1051],[-61.5804,16.1052],[-61.5804,16.1062],[-61.5796,16.1056],[-61.5785,16.1067],[-61.5785,16.1078],[-61.5743,16.1076],[-61.5742,16.1087],[-61.5728,16.1092],[-61.5722,16.1102],[-61.5712,16.11],[-61.5691,16.1109],[-61.5667,16.1084],[-61.5626,16.1071],[-61.5622,16.1064],[-61.563,16.105],[-61.5627,16.1034],[-61.5605,16.1016],[-61.5611,16.0964],[-61.5604,16.0952],[-61.5589,16.0947],[-61.5593,16.0944],[-61.5586,16.0938],[-61.5586,16.0923],[-61.5591,16.0923],[-61.5587,16.0918],[-61.5592,16.0917],[-61.5595,16.0905],[-61.5594,16.0884],[-61.5602,16.0877],[-61.5596,16.0868],[-61.5603,16.0867],[-61.5607,16.083],[-61.5607,16.0802],[-61.5588,16.0782],[-61.5595,16.0775],[-61.5595,16.0762],[-61.5609,16.0731],[-61.5608,16.0637],[-61.5599,16.0595],[-61.5578,16.0584],[-61.5558,16.0561],[-61.5553,16.0536],[-61.5566,16.0527],[-61.5562,16.0523],[-61.5568,16.0506],[-61.5598,16.049],[-61.5608,16.0457],[-61.5632,16.0439],[-61.564,16.0428],[-61.5638,16.0423],[-61.5646,16.0418],[-61.5647,16.0376],[-61.5652,16.0363],[-61.5646,16.0338],[-61.5655,16.0334],[-61.5673,16.0307],[-61.5698,16.0284],[-61.5693,16.0255],[-61.5717,16.0247],[-61.572,16.0229],[-61.5743,16.0209],[-61.5746,16.0216],[-61.5748,16.0206],[-61.5769,16.0203],[-61.5801,16.0186],[-61.5817,16.0166],[-61.5816,16.0157],[-61.5827,16.0141],[-61.584,16.0139],[-61.5848,16.0121],[-61.5877,16.012],[-61.5889,16.0112],[-61.5891,16.0106],[-61.5883,16.0096],[-61.5887,16.009],[-61.5896,16.0096],[-61.5904,16.0093],[-61.5912,16.0086],[-61.5915,16.0071],[-61.5925,16.0071],[-61.5924,16.0065],[-61.5934,16.0064],[-61.5944,16.0051],[-61.5982,16.0035],[-61.598,16.0025],[-61.5985,16.0033],[-61.5992,16.0033],[-61.5984,16.0024],[-61.5983,16.0013],[-61.6023,16.0004],[-61.6043,15.9955],[-61.6062,15.9949],[-61.6083,15.9923],[-61.6124,15.9915],[-61.6143,15.9891],[-61.6142,15.9868],[-61.6148,15.9862],[-61.6169,15.9876],[-61.6177,15.9889],[-61.6219,15.9896],[-61.6229,15.9926],[-61.6238,15.9933],[-61.6235,15.9949],[-61.6243,15.9967],[-61.6238,15.9977],[-61.6246,15.9983],[-61.6242,15.9997],[-61.6245,16.0023],[-61.626,16.0036],[-61.6265,16.0056],[-61.6274,16.0067],[-61.6269,16.0094],[-61.6272,16.011],[-61.6294,16.0141],[-61.6311,16.0153],[-61.633,16.019],[-61.6368,16.0212],[-61.6396,16.024],[-61.6412,16.0275],[-61.6444,16.0265],[-61.6531,16.0307],[-61.6557,16.0336],[-61.6564,16.0396],[-61.6597,16.0423],[-61.663,16.0439],[-61.6609,16.0478],[-61.662,16.0507],[-61.6632,16.0519],[-61.6629,16.0547],[-61.6634,16.0567],[-61.6641,16.0577],[-61.6701,16.0597],[-61.6716,16.0592],[-61.6749,16.068],[-61.6749,16.073],[-61.674,16.0753],[-61.679,16.0804],[-61.6792,16.0821],[-61.6806,16.0835],[-61.6805,16.0845],[-61.683,16.0859],[-61.6841,16.0895]]]}},{"type":"Feature","properties":{"nom":"Capesterre-de-Marie-Galante","code":"97108"},"geometry":{"type":"Polygon","coordinates":[[[-61.2246,15.9645],[-61.2221,15.9629],[-61.2212,15.9633],[-61.2205,15.9624],[-61.2206,15.9629],[-61.2192,15.9621],[-61.2177,15.9591],[-61.2181,15.9576],[-61.2174,15.9566],[-61.2153,15.9567],[-61.2149,15.9562],[-61.2138,15.9564],[-61.214,15.9559],[-61.2127,15.956],[-61.2125,15.9554],[-61.2093,15.9541],[-61.2082,15.9526],[-61.2053,15.9509],[-61.2056,15.9504],[-61.205,15.9502],[-61.2038,15.9478],[-61.2003,15.9446],[-61.1975,15.9369],[-61.1972,15.9344],[-61.1962,15.9325],[-61.1962,15.9308],[-61.1949,15.9302],[-61.1954,15.9286],[-61.1971,15.9264],[-61.1961,15.9213],[-61.1968,15.9204],[-61.1977,15.9156],[-61.2031,15.904],[-61.2027,15.9032],[-61.2034,15.9023],[-61.2055,15.9005],[-61.2104,15.8993],[-61.2146,15.8959],[-61.2178,15.8952],[-61.2206,15.8921],[-61.221,15.8909],[-61.2205,15.8903],[-61.2208,15.8897],[-61.2206,15.8905],[-61.2212,15.8906],[-61.221,15.8894],[-61.2214,15.8894],[-61.2215,15.8883],[-61.223,15.8882],[-61.225,15.8872],[-61.2276,15.8843],[-61.2318,15.8824],[-61.2333,15.8801],[-61.2367,15.8783],[-61.2388,15.8779],[-61.239,15.8769],[-61.2425,15.8744],[-61.2442,15.8747],[-61.2505,15.8718],[-61.2541,15.872],[-61.2549,15.8714],[-61.2576,15.8715],[-61.2579,15.8708],[-61.2589,15.8708],[-61.2589,15.8713],[-61.2595,15.8712],[-61.259,15.8753],[-61.2569,15.8788],[-61.2583,15.8792],[-61.2585,15.8799],[-61.2556,15.8833],[-61.2524,15.8858],[-61.2485,15.8963],[-61.2568,15.899],[-61.2521,15.9097],[-61.2526,15.9133],[-61.2505,15.9159],[-61.2503,15.9182],[-61.2522,15.9171],[-61.2535,15.9172],[-61.2538,15.9177],[-61.2532,15.9181],[-61.2532,15.919],[-61.2547,15.9189],[-61.2568,15.9201],[-61.2566,15.9225],[-61.2581,15.9216],[-61.2598,15.9227],[-61.2616,15.9228],[-61.2622,15.9235],[-61.2633,15.9233],[-61.2642,15.9242],[-61.2611,15.9256],[-61.2599,15.9285],[-61.2597,15.9308],[-61.2605,15.9316],[-61.2595,15.9335],[-61.2605,15.9356],[-61.2577,15.9371],[-61.2568,15.9394],[-61.2558,15.9395],[-61.2554,15.9401],[-61.2557,15.9425],[-61.2571,15.943],[-61.2571,15.9459],[-61.2583,15.9472],[-61.246,15.9479],[-61.245,15.9515],[-61.2389,15.9521],[-61.2369,15.9589],[-61.2307,15.958],[-61.23,15.9614],[-61.2265,15.963],[-61.2246,15.9645]]]}},{"type":"Feature","properties":{"nom":"Gourbeyre","code":"97109"},"geometry":{"type":"Polygon","coordinates":[[[-61.6597,16.0423],[-61.6564,16.0396],[-61.6561,16.0351],[-61.6551,16.0316],[-61.6563,16.0237],[-61.6585,16.0194],[-61.6579,16.0181],[-61.6588,16.0147],[-61.6635,16.0083],[-61.663,16.0063],[-61.6644,16.005],[-61.664,16.0044],[-61.6643,16.0034],[-61.6688,16.0011],[-61.6685,15.9989],[-61.6696,15.9972],[-61.6669,15.9931],[-61.6668,15.9895],[-61.6674,15.9878],[-61.6651,15.9866],[-61.6641,15.9849],[-61.664,15.9831],[-61.6619,15.9817],[-61.6625,15.9806],[-61.6622,15.9782],[-61.6633,15.9757],[-61.6627,15.9739],[-61.6635,15.9729],[-61.6655,15.977],[-61.6672,15.9781],[-61.6696,15.9786],[-61.674,15.9776],[-61.6757,15.9761],[-61.6778,15.9758],[-61.679,15.9733],[-61.68,15.9727],[-61.6836,15.9725],[-61.6869,15.975],[-61.6901,15.9739],[-61.6908,15.9715],[-61.6932,15.9707],[-61.6961,15.9702],[-61.6982,15.9713],[-61.703,15.9692],[-61.7074,15.969],[-61.7083,15.9694],[-61.71,15.9706],[-61.711,15.9741],[-61.715,15.9804],[-61.7172,15.9815],[-61.7174,15.9819],[-61.7157,15.9816],[-61.7152,15.9825],[-61.7167,15.9843],[-61.7173,15.9839],[-61.7166,15.9831],[-61.7168,15.982],[-61.7189,15.9843],[-61.7229,15.9857],[-61.7219,15.9879],[-61.721,15.9882],[-61.7211,15.9892],[-61.7192,15.9894],[-61.7191,15.9903],[-61.7176,15.9914],[-61.7176,15.9927],[-61.7164,15.9927],[-61.7162,15.9934],[-61.7148,15.9932],[-61.715,15.9944],[-61.714,15.9945],[-61.7144,15.9955],[-61.7132,15.9957],[-61.7129,15.9965],[-61.7106,15.9979],[-61.7094,15.9973],[-61.7091,15.9983],[-61.7079,15.9985],[-61.7073,16.0001],[-61.706,16.0001],[-61.7037,16.0012],[-61.7036,16.002],[-61.7022,16.003],[-61.7013,16.0028],[-61.7008,16.0037],[-61.7003,16.0032],[-61.7001,16.0041],[-61.6986,16.0038],[-61.6984,16.0048],[-61.6978,16.0047],[-61.6975,16.0054],[-61.695,16.005],[-61.6946,16.0062],[-61.694,16.0053],[-61.6936,16.0063],[-61.6922,16.0071],[-61.6921,16.0085],[-61.6906,16.0107],[-61.6894,16.0116],[-61.6874,16.012],[-61.6848,16.011],[-61.6834,16.009],[-61.6806,16.009],[-61.6781,16.0107],[-61.6762,16.0105],[-61.6759,16.0112],[-61.6752,16.0111],[-61.6748,16.012],[-61.6742,16.012],[-61.6734,16.0134],[-61.6724,16.0133],[-61.6719,16.0142],[-61.6709,16.0136],[-61.6695,16.0156],[-61.6669,16.017],[-61.6651,16.0201],[-61.6643,16.0204],[-61.664,16.0217],[-61.6622,16.0218],[-61.6619,16.024],[-61.6609,16.0254],[-61.6616,16.0288],[-61.6635,16.0331],[-61.6635,16.0355],[-61.6628,16.0384],[-61.6597,16.0423]]]}},{"type":"Feature","properties":{"nom":"La Désirade","code":"97110"},"geometry":{"type":"MultiPolygon","coordinates":[[[[-61.1099,16.1733],[-61.1093,16.1722],[-61.1078,16.1726],[-61.1069,16.1715],[-61.1068,16.1708],[-61.1081,16.1696],[-61.108,16.169],[-61.1142,16.1685],[-61.1153,16.1679],[-61.1176,16.1682],[-61.1199,16.1672],[-61.1218,16.1673],[-61.1235,16.1684],[-61.1275,16.1689],[-61.1293,16.1698],[-61.1313,16.1719],[-61.1289,16.1733],[-61.126,16.1725],[-61.123,16.173],[-61.1159,16.1725],[-61.1105,16.1744],[-61.1099,16.1733]]],[[[-61.1132,16.1765],[-61.114,16.1769],[-61.1139,16.1775],[-61.1122,16.1777],[-61.1111,16.1792],[-61.1102,16.1786],[-61.1087,16.1792],[-61.1083,16.1789],[-61.106,16.1797],[-61.1059,16.1806],[-61.1044,16.1806],[-61.1042,16.1813],[-61.1032,16.1805],[-61.1038,16.1792],[-61.105,16.1786],[-61.1052,16.177],[-61.1061,16.1757],[-61.1132,16.1765]]],[[[-61.0532,16.3063],[-61.0596,16.3048],[-61.0606,16.305],[-61.0663,16.3031],[-61.0682,16.3035],[-61.073,16.3016],[-61.0715,16.3022],[-61.0715,16.3029],[-61.0739,16.3028],[-61.0746,16.3019],[-61.0747,16.3023],[-61.0757,16.3019],[-61.0771,16.2995],[-61.08,16.2995],[-61.0814,16.2972],[-61.0865,16.2957],[-61.0891,16.2961],[-61.0913,16.2956],[-61.0949,16.2934],[-61.0951,16.2927],[-61.0946,16.2924],[-61.0962,16.2902],[-61.0977,16.2918],[-61.0978,16.2933],[-61.0987,16.2937],[-61.0975,16.2952],[-61.0979,16.2955],[-61.0974,16.2954],[-61.0974,16.2969],[-61.0962,16.298],[-61.0964,16.3005],[-61.0974,16.3015],[-61.0979,16.3033],[-61.0968,16.3048],[-61.0962,16.3044],[-61.0958,16.3053],[-61.0937,16.3053],[-61.0927,16.3067],[-61.0928,16.3077],[-61.0904,16.3102],[-61.0905,16.3118],[-61.0895,16.3121],[-61.0879,16.3112],[-61.0871,16.3116],[-61.0858,16.3111],[-61.0833,16.3122],[-61.0825,16.3115],[-61.0818,16.3123],[-61.081,16.3118],[-61.0786,16.3123],[-61.0773,16.3136],[-61.0774,16.3159],[-61.0766,16.316],[-61.0757,16.3184],[-61.0747,16.3184],[-61.0748,16.3191],[-61.0738,16.3189],[-61.0743,16.3195],[-61.0739,16.3199],[-61.0728,16.3197],[-61.0727,16.3203],[-61.0726,16.3191],[-61.0695,16.3186],[-61.0645,16.32],[-61.0635,16.3218],[-61.062,16.3214],[-61.06,16.3222],[-61.0594,16.323],[-61.0598,16.3236],[-61.0576,16.3245],[-61.056,16.3268],[-61.0552,16.3263],[-61.0543,16.3266],[-61.0544,16.3276],[-61.0539,16.328],[-61.0534,16.3273],[-61.0511,16.3275],[-61.0502,16.3292],[-61.0494,16.3296],[-61.0483,16.3324],[-61.0475,16.3323],[-61.0475,16.3311],[-61.0461,16.3305],[-61.0452,16.332],[-61.0445,16.332],[-61.0438,16.3336],[-61.043,16.3333],[-61.0433,16.3336],[-61.0423,16.3339],[-61.0425,16.3343],[-61.0418,16.3343],[-61.0415,16.335],[-61.0405,16.3352],[-61.0402,16.3347],[-61.0405,16.3353],[-61.039,16.3344],[-61.038,16.3352],[-61.0375,16.3367],[-61.0364,16.3365],[-61.0341,16.3391],[-61.0337,16.338],[-61.0317,16.3373],[-61.0313,16.3383],[-61.0319,16.339],[-61.0313,16.3386],[-61.0308,16.3408],[-61.0301,16.3408],[-61.0298,16.34],[-61.0283,16.3402],[-61.0272,16.3416],[-61.0274,16.3421],[-61.0265,16.3416],[-61.0261,16.3427],[-61.0246,16.3423],[-61.0242,16.3443],[-61.0231,16.3438],[-61.0225,16.3445],[-61.0224,16.3441],[-61.0218,16.3444],[-61.0206,16.3439],[-61.0196,16.3443],[-61.0198,16.3451],[-61.0187,16.345],[-61.0172,16.3474],[-61.0172,16.3486],[-61.016,16.3493],[-61.0145,16.3485],[-61.014,16.3494],[-61.0135,16.3487],[-61.0126,16.3492],[-61.0123,16.3488],[-61.0117,16.3493],[-61.0119,16.3498],[-61.01,16.3492],[-61.0085,16.3497],[-61.008,16.3484],[-61.0084,16.3472],[-61.0072,16.3463],[-61.0075,16.3448],[-61.0056,16.3441],[-61.0065,16.343],[-61.0063,16.3411],[-61.0055,16.3408],[-61.0054,16.3394],[-61.0043,16.3393],[-61.0049,16.3383],[-61.0035,16.3371],[-61.0036,16.3362],[-61.0027,16.3358],[-61.002,16.334],[-61.0033,16.3339],[-61.0057,16.3317],[-61.0073,16.3315],[-61.0091,16.3296],[-61.0104,16.3295],[-61.012,16.3285],[-61.0125,16.3295],[-61.0137,16.3296],[-61.014,16.3291],[-61.0132,16.328],[-61.0133,16.3272],[-61.0148,16.327],[-61.0159,16.3281],[-61.0165,16.3277],[-61.0163,16.3273],[-61.017,16.3278],[-61.0191,16.3277],[-61.0214,16.326],[-61.0254,16.3244],[-61.0295,16.322],[-61.0328,16.3192],[-61.0357,16.318],[-61.038,16.3153],[-61.0402,16.3145],[-61.043,16.3114],[-61.046,16.3091],[-61.0488,16.3075],[-61.0532,16.3063]]]]}},{"type":"Feature","properties":{"nom":"Deshaies","code":"97111"},"geometry":{"type":"MultiPolygon","coordinates":[[[[-61.7565,16.2728],[-61.7603,16.2714],[-61.764,16.2733],[-61.7654,16.2731],[-61.7673,16.2738],[-61.7693,16.2734],[-61.773,16.2737],[-61.7769,16.2725],[-61.7781,16.2728],[-61.7841,16.272],[-61.7864,16.2706],[-61.7918,16.2715],[-61.7935,16.2704],[-61.7981,16.2699],[-61.8014,16.2686],[-61.8058,16.268],[-61.806,16.2685],[-61.8079,16.2687],[-61.8091,16.2696],[-61.8085,16.2704],[-61.8098,16.2725],[-61.8098,16.273],[-61.8058,16.2749],[-61.8046,16.2749],[-61.8039,16.2761],[-61.8045,16.277],[-61.8035,16.2769],[-61.8028,16.2783],[-61.8029,16.2805],[-61.8045,16.2812],[-61.8034,16.283],[-61.8034,16.2845],[-61.8017,16.2863],[-61.8026,16.2876],[-61.8028,16.2933],[-61.8033,16.2946],[-61.802,16.2961],[-61.8024,16.3009],[-61.8004,16.3037],[-61.7985,16.3038],[-61.7985,16.3043],[-61.7977,16.304],[-61.7969,16.3044],[-61.7963,16.3057],[-61.7966,16.3047],[-61.7954,16.3045],[-61.7961,16.3051],[-61.7952,16.3047],[-61.7955,16.3052],[-61.7947,16.3065],[-61.795,16.3084],[-61.8005,16.3105],[-61.8011,16.3119],[-61.8025,16.3124],[-61.8019,16.3125],[-61.8022,16.3132],[-61.8016,16.3137],[-61.8009,16.3168],[-61.8002,16.3165],[-61.7922,16.3195],[-61.7881,16.3229],[-61.7869,16.3257],[-61.787,16.3293],[-61.7891,16.3319],[-61.7892,16.3327],[-61.7852,16.3381],[-61.7834,16.3383],[-61.7786,16.3416],[-61.7778,16.3427],[-61.7784,16.3438],[-61.7785,16.3461],[-61.7758,16.3482],[-61.7762,16.3499],[-61.7751,16.3492],[-61.772,16.3495],[-61.7702,16.3511],[-61.7676,16.3512],[-61.7668,16.3518],[-61.7662,16.3534],[-61.7652,16.3537],[-61.7645,16.3511],[-61.7628,16.3502],[-61.7623,16.3486],[-61.7654,16.3435],[-61.7657,16.341],[-61.7652,16.3385],[-61.7658,16.3358],[-61.7652,16.3355],[-61.7648,16.3324],[-61.7587,16.3298],[-61.7591,16.3293],[-61.7583,16.3286],[-61.7597,16.3274],[-61.7595,16.3233],[-61.7607,16.3218],[-61.7579,16.3171],[-61.7586,16.3157],[-61.7604,16.3144],[-61.7613,16.3096],[-61.763,16.3079],[-61.7629,16.306],[-61.7616,16.3042],[-61.7634,16.3031],[-61.7617,16.3005],[-61.7617,16.2954],[-61.7638,16.2942],[-61.7634,16.2933],[-61.7641,16.2923],[-61.764,16.2902],[-61.7655,16.2886],[-61.7643,16.2871],[-61.7592,16.2851],[-61.7581,16.2838],[-61.7565,16.2806],[-61.757,16.2777],[-61.7563,16.2766],[-61.757,16.2753],[-61.7565,16.2728]]],[[[-61.7817,16.3706],[-61.7811,16.3706],[-61.7804,16.369],[-61.778,16.3681],[-61.7783,16.3641],[-61.7805,16.3649],[-61.7814,16.3663],[-61.7818,16.3675],[-61.7812,16.368],[-61.7819,16.369],[-61.7813,16.3699],[-61.7817,16.3706]]]]}},{"type":"Feature","properties":{"nom":"Grand-Bourg","code":"97112"},"geometry":{"type":"Polygon","coordinates":[[[-61.2642,15.9242],[-61.2633,15.9233],[-61.2622,15.9235],[-61.2616,15.9228],[-61.2598,15.9227],[-61.2581,15.9216],[-61.2566,15.9225],[-61.2568,15.9201],[-61.2547,15.9189],[-61.2532,15.919],[-61.2532,15.9181],[-61.2538,15.9177],[-61.2535,15.9172],[-61.2522,15.9171],[-61.2503,15.9182],[-61.2505,15.9159],[-61.2526,15.9133],[-61.2521,15.9097],[-61.2568,15.899],[-61.2485,15.8963],[-61.2524,15.8858],[-61.2556,15.8833],[-61.2585,15.8799],[-61.2583,15.8792],[-61.2569,15.8788],[-61.259,15.8753],[-61.2596,15.8711],[-61.2633,15.871],[-61.2648,15.8689],[-61.2665,15.8682],[-61.2674,15.8687],[-61.2689,15.8674],[-61.2705,15.8681],[-61.2713,15.8673],[-61.273,15.8678],[-61.2735,15.8671],[-61.2746,15.8676],[-61.2766,15.867],[-61.2774,15.8675],[-61.2797,15.8665],[-61.2811,15.8673],[-61.2828,15.87],[-61.2858,15.8706],[-61.288,15.8701],[-61.289,15.8712],[-61.2911,15.8712],[-61.2911,15.8722],[-61.2928,15.873],[-61.2958,15.873],[-61.2963,15.8737],[-61.2978,15.8741],[-61.3025,15.8747],[-61.3062,15.8779],[-61.3089,15.8794],[-61.3146,15.8805],[-61.3155,15.8791],[-61.3179,15.8798],[-61.3156,15.8793],[-61.3149,15.8803],[-61.3179,15.882],[-61.3177,15.8805],[-61.3183,15.8816],[-61.3177,15.8826],[-61.3217,15.8856],[-61.3215,15.8862],[-61.3225,15.8862],[-61.3225,15.887],[-61.3235,15.8874],[-61.3257,15.8907],[-61.3255,15.8913],[-61.3269,15.8936],[-61.3271,15.8954],[-61.3299,15.897],[-61.3316,15.9003],[-61.3298,15.9028],[-61.3292,15.9047],[-61.3337,15.92],[-61.3335,15.922],[-61.3372,15.942],[-61.3235,15.9494],[-61.3222,15.9494],[-61.3201,15.9506],[-61.3191,15.9469],[-61.3168,15.9463],[-61.3147,15.9426],[-61.3145,15.9401],[-61.3131,15.9391],[-61.3089,15.939],[-61.3076,15.9385],[-61.3008,15.9386],[-61.3015,15.9367],[-61.3012,15.9356],[-61.2991,15.9355],[-61.2947,15.9331],[-61.2938,15.9331],[-61.2933,15.9343],[-61.2909,15.9356],[-61.2892,15.9346],[-61.2879,15.9357],[-61.2868,15.9349],[-61.2854,15.9355],[-61.2844,15.9339],[-61.2826,15.9346],[-61.2801,15.933],[-61.2773,15.9327],[-61.2777,15.9295],[-61.2772,15.9277],[-61.2753,15.9276],[-61.2751,15.9262],[-61.2729,15.9259],[-61.2728,15.9243],[-61.2677,15.9259],[-61.268,15.9242],[-61.2675,15.9235],[-61.2665,15.9236],[-61.2649,15.9248],[-61.2642,15.9242]]]}},{"type":"Feature","properties":{"nom":"Le Gosier","code":"97113"},"geometry":{"type":"MultiPolygon","coordinates":[[[[-61.4904,16.1984],[-61.4912,16.1981],[-61.492,16.1987],[-61.4918,16.2002],[-61.49,16.199],[-61.4904,16.1984]]],[[[-61.4551,16.258],[-61.4543,16.2568],[-61.4493,16.2548],[-61.4494,16.2527],[-61.4486,16.2511],[-61.4469,16.2506],[-61.445,16.2483],[-61.4428,16.2488],[-61.4416,16.246],[-61.4388,16.2468],[-61.4379,16.2453],[-61.4372,16.2455],[-61.4367,16.244],[-61.4322,16.2402],[-61.4284,16.2288],[-61.4235,16.2251],[-61.4249,16.2242],[-61.4247,16.2233],[-61.4241,16.2234],[-61.4203,16.2132],[-61.421,16.2123],[-61.4194,16.2111],[-61.4201,16.2091],[-61.4206,16.2091],[-61.4209,16.21],[-61.4216,16.2099],[-61.422,16.2095],[-61.4216,16.2085],[-61.4222,16.2083],[-61.4228,16.2085],[-61.4231,16.2096],[-61.4238,16.2095],[-61.4245,16.2092],[-61.4246,16.2079],[-61.4253,16.2076],[-61.426,16.2083],[-61.4256,16.2091],[-61.4264,16.2104],[-61.428,16.2106],[-61.432,16.21],[-61.4325,16.2094],[-61.4382,16.209],[-61.4403,16.2078],[-61.4424,16.2074],[-61.443,16.2055],[-61.4428,16.204],[-61.4437,16.2028],[-61.4451,16.2031],[-61.4492,16.2008],[-61.4511,16.2005],[-61.4516,16.2009],[-61.4527,16.2003],[-61.4548,16.2002],[-61.4559,16.2021],[-61.457,16.202],[-61.4574,16.2013],[-61.4566,16.201],[-61.4581,16.2006],[-61.4589,16.2013],[-61.4598,16.2009],[-61.461,16.1997],[-61.4613,16.1984],[-61.4643,16.1966],[-61.4656,16.1967],[-61.4666,16.1983],[-61.4679,16.199],[-61.47,16.1993],[-61.471,16.1984],[-61.4726,16.1995],[-61.4727,16.2002],[-61.4736,16.2],[-61.4753,16.2015],[-61.4813,16.202],[-61.4837,16.2039],[-61.4847,16.2036],[-61.4857,16.2041],[-61.4859,16.205],[-61.4897,16.2047],[-61.4911,16.2051],[-61.4932,16.2043],[-61.497,16.2051],[-61.4975,16.2043],[-61.4973,16.2054],[-61.5013,16.2053],[-61.5019,16.2057],[-61.5023,16.2054],[-61.502,16.205],[-61.5027,16.205],[-61.5022,16.2058],[-61.5036,16.2062],[-61.5048,16.2054],[-61.5045,16.205],[-61.5054,16.2054],[-61.5049,16.2059],[-61.5059,16.2065],[-61.5061,16.2056],[-61.5067,16.2055],[-61.5063,16.2063],[-61.5077,16.2062],[-61.5084,16.2073],[-61.5078,16.2087],[-61.5087,16.2091],[-61.5079,16.2097],[-61.5074,16.2114],[-61.5079,16.2144],[-61.5084,16.2142],[-61.5094,16.2155],[-61.5109,16.2163],[-61.5118,16.2165],[-61.5134,16.2159],[-61.5143,16.2149],[-61.5158,16.2151],[-61.517,16.2145],[-61.5177,16.2152],[-61.5191,16.2152],[-61.5204,16.2143],[-61.5202,16.2137],[-61.5222,16.2127],[-61.5234,16.2134],[-61.5234,16.2142],[-61.5244,16.2144],[-61.5242,16.2137],[-61.5258,16.2153],[-61.5277,16.2161],[-61.5281,16.2171],[-61.5288,16.2171],[-61.5295,16.2157],[-61.53,16.2161],[-61.5305,16.2178],[-61.5273,16.2182],[-61.5259,16.2172],[-61.5231,16.2166],[-61.5234,16.2179],[-61.5228,16.2183],[-61.5204,16.2162],[-61.5214,16.2175],[-61.5212,16.2179],[-61.523,16.219],[-61.5237,16.2213],[-61.5248,16.2211],[-61.5259,16.2191],[-61.5272,16.2192],[-61.5267,16.2221],[-61.5255,16.2233],[-61.5248,16.223],[-61.5231,16.2241],[-61.5219,16.2241],[-61.5212,16.2248],[-61.5192,16.2253],[-61.5171,16.2288],[-61.5176,16.2313],[-61.5131,16.2328],[-61.5125,16.2367],[-61.5086,16.2385],[-61.5057,16.2359],[-61.5037,16.2355],[-61.5016,16.237],[-61.5016,16.2394],[-61.501,16.2391],[-61.5004,16.2402],[-61.4978,16.2399],[-61.4938,16.2415],[-61.4921,16.2413],[-61.492,16.2422],[-61.4907,16.2419],[-61.4873,16.2466],[-61.4867,16.2462],[-61.4859,16.247],[-61.4842,16.2471],[-61.4833,16.2462],[-61.4816,16.2465],[-61.4782,16.2486],[-61.4784,16.2498],[-61.4772,16.2509],[-61.4745,16.251],[-61.4729,16.252],[-61.4721,16.2509],[-61.471,16.2517],[-61.4697,16.2515],[-61.4684,16.2532],[-61.4659,16.2533],[-61.4653,16.2541],[-61.4626,16.2536],[-61.462,16.2547],[-61.4601,16.2549],[-61.4604,16.2553],[-61.4597,16.2567],[-61.4587,16.2566],[-61.4569,16.258],[-61.4551,16.258]]]]}},{"type":"Feature","properties":{"nom":"Goyave","code":"97114"},"geometry":{"type":"MultiPolygon","coordinates":[[[[-61.5691,16.1109],[-61.5712,16.11],[-61.5722,16.1102],[-61.5728,16.1092],[-61.5742,16.1087],[-61.5743,16.1076],[-61.5785,16.1078],[-61.5785,16.1067],[-61.5796,16.1056],[-61.5804,16.1062],[-61.5804,16.1052],[-61.5818,16.1051],[-61.5817,16.104],[-61.5832,16.1035],[-61.5838,16.1038],[-61.584,16.1028],[-61.5846,16.1029],[-61.5852,16.1022],[-61.5872,16.1021],[-61.5876,16.1012],[-61.5872,16.1001],[-61.5878,16.1005],[-61.5879,16.0999],[-61.5889,16.0996],[-61.5882,16.0988],[-61.5894,16.0989],[-61.5891,16.0982],[-61.5898,16.0976],[-61.5911,16.0977],[-61.5961,16.0955],[-61.6022,16.0954],[-61.6041,16.0933],[-61.6073,16.0915],[-61.6117,16.0908],[-61.6139,16.0897],[-61.6177,16.0873],[-61.6179,16.0862],[-61.6195,16.0844],[-61.6216,16.0836],[-61.6252,16.0853],[-61.627,16.0868],[-61.6312,16.0859],[-61.6333,16.0865],[-61.6409,16.092],[-61.6483,16.0909],[-61.6506,16.092],[-61.6537,16.0918],[-61.6578,16.0939],[-61.661,16.0938],[-61.6635,16.0946],[-61.6663,16.1],[-61.669,16.1017],[-61.6696,16.1027],[-61.6684,16.103],[-61.6662,16.1097],[-61.6634,16.1124],[-61.66,16.1175],[-61.6576,16.1193],[-61.6577,16.1203],[-61.6564,16.1224],[-61.6573,16.1231],[-61.6572,16.1249],[-61.655,16.129],[-61.651,16.1316],[-61.65,16.1332],[-61.642,16.1348],[-61.6392,16.1364],[-61.6382,16.1389],[-61.636,16.1397],[-61.6361,16.1427],[-61.6325,16.1458],[-61.6303,16.1469],[-61.6294,16.1481],[-61.6276,16.1479],[-61.6262,16.1486],[-61.626,16.1495],[-61.6226,16.1502],[-61.6217,16.1515],[-61.6219,16.1528],[-61.6207,16.1522],[-61.6195,16.1534],[-61.6165,16.1535],[-61.6146,16.1554],[-61.6145,16.1564],[-61.6113,16.1562],[-61.6107,16.1568],[-61.6109,16.1575],[-61.6095,16.1581],[-61.6072,16.1572],[-61.6071,16.1585],[-61.6061,16.1587],[-61.6056,16.1597],[-61.6047,16.1597],[-61.6039,16.161],[-61.6039,16.1603],[-61.6002,16.1595],[-61.5996,16.1608],[-61.5974,16.1614],[-61.5967,16.161],[-61.5973,16.1601],[-61.5968,16.1599],[-61.5951,16.1609],[-61.5948,16.1604],[-61.5943,16.161],[-61.5933,16.1605],[-61.5932,16.1617],[-61.5916,16.1617],[-61.5912,16.1626],[-61.5875,16.16],[-61.5871,16.1611],[-61.586,16.1613],[-61.585,16.1625],[-61.5845,16.1618],[-61.5839,16.1621],[-61.5822,16.1613],[-61.5817,16.1552],[-61.5787,16.1538],[-61.5756,16.1536],[-61.576,16.1529],[-61.5741,16.1505],[-61.576,16.1504],[-61.5756,16.1499],[-61.5762,16.1475],[-61.5758,16.1466],[-61.5763,16.1462],[-61.5755,16.145],[-61.5779,16.1449],[-61.5781,16.144],[-61.5779,16.143],[-61.5755,16.1418],[-61.5752,16.1393],[-61.5772,16.1383],[-61.5747,16.1381],[-61.5739,16.1374],[-61.5731,16.1377],[-61.5732,16.1372],[-61.5718,16.1367],[-61.5724,16.1376],[-61.5716,16.1365],[-61.5708,16.1366],[-61.5705,16.136],[-61.5661,16.1344],[-61.5637,16.1352],[-61.5629,16.1347],[-61.5604,16.1305],[-61.5604,16.1296],[-61.5611,16.1302],[-61.5617,16.1299],[-61.5605,16.1291],[-61.5608,16.1284],[-61.5626,16.1274],[-61.5638,16.1259],[-61.5659,16.1252],[-61.5682,16.1236],[-61.5696,16.1216],[-61.5701,16.1195],[-61.5698,16.1185],[-61.5706,16.1161],[-61.5704,16.1141],[-61.5691,16.1109]]],[[[-61.5611,16.1505],[-61.5617,16.1495],[-61.5619,16.1505],[-61.5611,16.1505]]]]}},{"type":"Feature","properties":{"nom":"Lamentin","code":"97115"},"geometry":{"type":"Polygon","coordinates":[[[-61.6265,16.2728],[-61.6262,16.2693],[-61.6272,16.2658],[-61.6294,16.2635],[-61.6291,16.2623],[-61.6306,16.2607],[-61.6299,16.2584],[-61.6303,16.2562],[-61.6284,16.2525],[-61.6307,16.2498],[-61.6303,16.249],[-61.6312,16.2484],[-61.6319,16.2461],[-61.6332,16.2448],[-61.6334,16.2414],[-61.6352,16.2393],[-61.6376,16.2381],[-61.6378,16.2371],[-61.6396,16.2365],[-61.641,16.2338],[-61.6408,16.2317],[-61.6428,16.2294],[-61.6396,16.2271],[-61.6396,16.2239],[-61.6409,16.2238],[-61.6407,16.2234],[-61.6422,16.2224],[-61.643,16.221],[-61.6468,16.2183],[-61.6466,16.2178],[-61.6473,16.2169],[-61.6469,16.2149],[-61.6494,16.212],[-61.6575,16.2115],[-61.6583,16.2087],[-61.6618,16.2086],[-61.6674,16.2067],[-61.6682,16.2051],[-61.668,16.2028],[-61.6689,16.202],[-61.6687,16.2011],[-61.6691,16.201],[-61.6758,16.2011],[-61.6783,16.2025],[-61.6836,16.2016],[-61.6871,16.2017],[-61.6879,16.2026],[-61.6902,16.203],[-61.6952,16.2002],[-61.6989,16.199],[-61.6993,16.1976],[-61.7005,16.1972],[-61.7003,16.1961],[-61.7012,16.1949],[-61.704,16.1933],[-61.7058,16.1911],[-61.7103,16.1909],[-61.7152,16.1925],[-61.7197,16.1919],[-61.7227,16.19],[-61.7263,16.1893],[-61.7283,16.1913],[-61.7291,16.193],[-61.7302,16.1936],[-61.7306,16.1946],[-61.7298,16.1952],[-61.7296,16.1967],[-61.7312,16.1998],[-61.7327,16.2014],[-61.7318,16.2043],[-61.7302,16.205],[-61.7304,16.2061],[-61.7292,16.2074],[-61.7293,16.2113],[-61.7335,16.2124],[-61.7324,16.2134],[-61.7315,16.2158],[-61.7303,16.2159],[-61.729,16.2174],[-61.7258,16.2181],[-61.7241,16.2205],[-61.7248,16.2251],[-61.723,16.2293],[-61.7198,16.2292],[-61.7111,16.2256],[-61.7095,16.2259],[-61.7089,16.2266],[-61.7076,16.2261],[-61.7066,16.2276],[-61.705,16.2277],[-61.705,16.2284],[-61.7042,16.229],[-61.7038,16.2314],[-61.7019,16.2307],[-61.7014,16.2316],[-61.6989,16.2312],[-61.6987,16.2324],[-61.6955,16.2315],[-61.6951,16.2322],[-61.6945,16.2316],[-61.6936,16.2325],[-61.6925,16.232],[-61.6922,16.2329],[-61.6912,16.2328],[-61.6904,16.2342],[-61.6902,16.2334],[-61.6893,16.2334],[-61.6888,16.2348],[-61.6868,16.2346],[-61.6865,16.2354],[-61.6857,16.2356],[-61.6858,16.2365],[-61.6832,16.2384],[-61.6825,16.2396],[-61.683,16.2405],[-61.6815,16.2407],[-61.6807,16.2425],[-61.6785,16.2444],[-61.6784,16.2458],[-61.6792,16.2471],[-61.6771,16.246],[-61.6767,16.2464],[-61.6775,16.2474],[-61.6762,16.247],[-61.6751,16.2476],[-61.6759,16.2493],[-61.6739,16.25],[-61.6732,16.2513],[-61.6699,16.2515],[-61.6735,16.2539],[-61.6732,16.2547],[-61.6701,16.2541],[-61.6699,16.2553],[-61.6755,16.2567],[-61.6762,16.2586],[-61.6738,16.2593],[-61.6755,16.2615],[-61.6744,16.2627],[-61.6745,16.2643],[-61.6739,16.2646],[-61.6719,16.264],[-61.6709,16.266],[-61.6721,16.2682],[-61.6717,16.2703],[-61.673,16.2709],[-61.6739,16.2722],[-61.6731,16.273],[-61.6699,16.2735],[-61.6689,16.2751],[-61.6668,16.2758],[-61.6668,16.2766],[-61.6685,16.2777],[-61.6686,16.2785],[-61.6657,16.2831],[-61.6674,16.2873],[-61.6665,16.2902],[-61.6632,16.2904],[-61.6587,16.2898],[-61.655,16.2908],[-61.6542,16.2915],[-61.6541,16.2931],[-61.6563,16.2938],[-61.6584,16.2935],[-61.659,16.2941],[-61.6577,16.2967],[-61.6557,16.2979],[-61.6509,16.2955],[-61.6482,16.2951],[-61.6408,16.2968],[-61.6345,16.2962],[-61.6341,16.2968],[-61.6347,16.2984],[-61.6342,16.2991],[-61.6308,16.2993],[-61.6284,16.2987],[-61.6228,16.2955],[-61.6205,16.2952],[-61.6151,16.2956],[-61.6102,16.2987],[-61.6065,16.299],[-61.6055,16.2973],[-61.609,16.2956],[-61.6106,16.2941],[-61.6129,16.2849],[-61.6152,16.2828],[-61.6168,16.2822],[-61.6191,16.2823],[-61.6212,16.2834],[-61.6185,16.2848],[-61.6171,16.2874],[-61.6162,16.288],[-61.6178,16.2891],[-61.6187,16.2913],[-61.6202,16.2923],[-61.6209,16.2922],[-61.6206,16.2907],[-61.6189,16.2888],[-61.6189,16.2875],[-61.621,16.2846],[-61.6222,16.2844],[-61.6243,16.2829],[-61.6263,16.2825],[-61.6262,16.2809],[-61.6269,16.2803],[-61.6263,16.2792],[-61.6268,16.2791],[-61.6263,16.2791],[-61.6256,16.2763],[-61.6245,16.2756],[-61.6265,16.273],[-61.6278,16.2732],[-61.6274,16.2727],[-61.6265,16.2728]]]}},{"type":"Feature","properties":{"nom":"Morne-à-l'Eau","code":"97116"},"geometry":{"type":"MultiPolygon","coordinates":[[[[-61.5931,16.3452],[-61.5943,16.3437],[-61.5942,16.3422],[-61.5956,16.3423],[-61.5968,16.3412],[-61.5971,16.3426],[-61.5967,16.3432],[-61.5939,16.3461],[-61.5937,16.3471],[-61.5924,16.3479],[-61.5913,16.3496],[-61.5911,16.3511],[-61.5902,16.3508],[-61.5915,16.3525],[-61.59,16.3538],[-61.5828,16.352],[-61.5805,16.3504],[-61.5799,16.3492],[-61.5792,16.3491],[-61.5795,16.3482],[-61.5808,16.3481],[-61.58,16.3473],[-61.5799,16.3461],[-61.5817,16.3451],[-61.5834,16.3447],[-61.5891,16.3451],[-61.5913,16.3465],[-61.5931,16.3452]]],[[[-61.5346,16.3126],[-61.5351,16.3144],[-61.5335,16.3165],[-61.5355,16.3171],[-61.5359,16.3188],[-61.5348,16.3206],[-61.5337,16.3207],[-61.5344,16.3215],[-61.5342,16.3226],[-61.533,16.323],[-61.5339,16.3234],[-61.5344,16.3251],[-61.5341,16.3258],[-61.5334,16.3259],[-61.5335,16.3266],[-61.5325,16.3267],[-61.534,16.3272],[-61.5347,16.3283],[-61.5351,16.3281],[-61.5346,16.3301],[-61.5354,16.3308],[-61.5355,16.3319],[-61.5345,16.3324],[-61.5346,16.3336],[-61.5332,16.3346],[-61.5325,16.3343],[-61.5327,16.3349],[-61.5295,16.335],[-61.5315,16.3358],[-61.5302,16.3366],[-61.5293,16.3365],[-61.5298,16.3377],[-61.5282,16.3374],[-61.5279,16.3383],[-61.5285,16.339],[-61.5292,16.3385],[-61.5303,16.3398],[-61.5289,16.3396],[-61.5247,16.3421],[-61.5246,16.343],[-61.524,16.3429],[-61.5243,16.3439],[-61.5233,16.3438],[-61.5235,16.3445],[-61.5227,16.3452],[-61.5235,16.3463],[-61.5199,16.3432],[-61.5166,16.3433],[-61.5149,16.3427],[-61.5129,16.3431],[-61.509,16.3423],[-61.5067,16.3371],[-61.5088,16.3418],[-61.5079,16.3421],[-61.5069,16.3441],[-61.5072,16.3456],[-61.5043,16.3454],[-61.5035,16.3463],[-61.5053,16.3461],[-61.5069,16.3476],[-61.5066,16.3496],[-61.5059,16.3504],[-61.5056,16.3498],[-61.5049,16.3498],[-61.5056,16.349],[-61.505,16.3491],[-61.5048,16.3486],[-61.5035,16.3496],[-61.5047,16.3501],[-61.5048,16.3507],[-61.5028,16.351],[-61.5019,16.3519],[-61.4995,16.3518],[-61.4987,16.3525],[-61.4972,16.3523],[-61.4961,16.3528],[-61.4952,16.3525],[-61.4943,16.3537],[-61.4922,16.3532],[-61.4915,16.3536],[-61.4833,16.3533],[-61.4819,16.352],[-61.4778,16.3513],[-61.4615,16.3574],[-61.4609,16.3566],[-61.4582,16.3563],[-61.4465,16.3578],[-61.4457,16.3496],[-61.4409,16.3503],[-61.4401,16.3459],[-61.4374,16.3384],[-61.4311,16.3402],[-61.4317,16.3426],[-61.4297,16.3428],[-61.4292,16.3417],[-61.427,16.3403],[-61.4266,16.3389],[-61.4247,16.3393],[-61.422,16.3309],[-61.4201,16.3305],[-61.4196,16.3292],[-61.4157,16.329],[-61.4146,16.3302],[-61.411,16.3306],[-61.4075,16.3321],[-61.4061,16.3294],[-61.4037,16.33],[-61.4047,16.3273],[-61.4038,16.3264],[-61.4058,16.3259],[-61.4042,16.3192],[-61.4018,16.3184],[-61.4004,16.3091],[-61.4218,16.3025],[-61.4221,16.3043],[-61.4234,16.3047],[-61.4235,16.3054],[-61.4247,16.3051],[-61.4242,16.3043],[-61.4256,16.3041],[-61.426,16.3048],[-61.4254,16.3067],[-61.4279,16.3104],[-61.4282,16.31],[-61.4289,16.3104],[-61.4298,16.3099],[-61.4307,16.3066],[-61.432,16.3059],[-61.4319,16.3045],[-61.4335,16.3031],[-61.4327,16.3023],[-61.4339,16.3018],[-61.4335,16.3002],[-61.436,16.2991],[-61.4354,16.2967],[-61.4382,16.2959],[-61.4378,16.2945],[-61.4402,16.2943],[-61.4386,16.2922],[-61.4421,16.2913],[-61.4416,16.2876],[-61.4433,16.2872],[-61.4429,16.2856],[-61.4463,16.2845],[-61.4465,16.2864],[-61.4473,16.2859],[-61.4478,16.2871],[-61.4522,16.2879],[-61.4535,16.2895],[-61.4559,16.2899],[-61.4572,16.2915],[-61.4567,16.294],[-61.4576,16.2951],[-61.4606,16.2965],[-61.4605,16.2977],[-61.4618,16.3002],[-61.4633,16.2998],[-61.4638,16.3009],[-61.4655,16.3004],[-61.4657,16.3023],[-61.4671,16.3016],[-61.4685,16.2999],[-61.4726,16.3003],[-61.475,16.3023],[-61.4757,16.302],[-61.4766,16.3003],[-61.478,16.3027],[-61.4768,16.3029],[-61.4761,16.3039],[-61.4774,16.3053],[-61.4824,16.3037],[-61.4836,16.3031],[-61.4836,16.302],[-61.4867,16.3012],[-61.4876,16.3028],[-61.4893,16.3021],[-61.4904,16.3039],[-61.4964,16.3041],[-61.499,16.3059],[-61.503,16.306],[-61.5042,16.3004],[-61.5113,16.3008],[-61.5117,16.3038],[-61.5144,16.3041],[-61.5172,16.3034],[-61.5177,16.3049],[-61.5238,16.3077],[-61.5261,16.3104],[-61.5338,16.3115],[-61.5346,16.3126]]],[[[-61.5091,16.349],[-61.5101,16.3497],[-61.5077,16.3496],[-61.5074,16.3483],[-61.5091,16.349]]],[[[-61.5266,16.3487],[-61.5299,16.3498],[-61.5301,16.3504],[-61.5265,16.3501],[-61.5258,16.3511],[-61.5254,16.3506],[-61.5259,16.3501],[-61.5249,16.3484],[-61.5266,16.3487]]]]}},{"type":"Feature","properties":{"nom":"Le Moule","code":"97117"},"geometry":{"type":"MultiPolygon","coordinates":[[[[-61.4374,16.2804],[-61.4368,16.2823],[-61.438,16.2833],[-61.4379,16.2863],[-61.4385,16.2873],[-61.4398,16.2869],[-61.4416,16.2876],[-61.4421,16.2913],[-61.4386,16.2922],[-61.4402,16.2943],[-61.4378,16.2945],[-61.4382,16.2959],[-61.4354,16.2967],[-61.436,16.2991],[-61.4335,16.3002],[-61.4339,16.3018],[-61.4327,16.3022],[-61.4335,16.3031],[-61.4319,16.3045],[-61.432,16.3059],[-61.4307,16.3066],[-61.4298,16.3099],[-61.4279,16.3104],[-61.4254,16.3067],[-61.426,16.3046],[-61.4253,16.304],[-61.4242,16.3043],[-61.4247,16.3051],[-61.4235,16.3054],[-61.4234,16.3047],[-61.4221,16.3043],[-61.4218,16.3025],[-61.4004,16.3091],[-61.4018,16.3184],[-61.4042,16.3192],[-61.4058,16.3259],[-61.4038,16.3264],[-61.4047,16.3273],[-61.4037,16.33],[-61.4061,16.3294],[-61.4075,16.3321],[-61.411,16.3306],[-61.4146,16.3302],[-61.4157,16.329],[-61.4196,16.3292],[-61.4201,16.3305],[-61.422,16.3309],[-61.4247,16.3393],[-61.4266,16.3389],[-61.427,16.3403],[-61.4292,16.3417],[-61.4297,16.3428],[-61.4273,16.3443],[-61.4235,16.3456],[-61.4242,16.3544],[-61.4176,16.3564],[-61.4199,16.3634],[-61.4163,16.3645],[-61.417,16.3659],[-61.4179,16.3658],[-61.4187,16.3672],[-61.4197,16.367],[-61.4212,16.3715],[-61.4127,16.3744],[-61.4178,16.3896],[-61.4164,16.39],[-61.4163,16.3906],[-61.4095,16.3928],[-61.4053,16.3933],[-61.4046,16.3925],[-61.4044,16.3917],[-61.4053,16.3907],[-61.4059,16.3883],[-61.4058,16.3847],[-61.4031,16.3817],[-61.4027,16.3799],[-61.4033,16.3789],[-61.4021,16.3771],[-61.4017,16.3744],[-61.3974,16.3675],[-61.3962,16.3669],[-61.3959,16.3657],[-61.394,16.3648],[-61.3933,16.3637],[-61.3927,16.3602],[-61.3922,16.36],[-61.3919,16.3606],[-61.3919,16.3596],[-61.3907,16.3591],[-61.3879,16.354],[-61.3862,16.3527],[-61.3859,16.3512],[-61.3863,16.3509],[-61.3849,16.3508],[-61.3836,16.3498],[-61.3834,16.3488],[-61.382,16.3486],[-61.3806,16.3448],[-61.3756,16.3408],[-61.3716,16.3398],[-61.3713,16.339],[-61.3693,16.3396],[-61.3677,16.3388],[-61.3685,16.3375],[-61.3686,16.336],[-61.3695,16.3353],[-61.3677,16.3348],[-61.3672,16.3354],[-61.3644,16.3349],[-61.3633,16.3371],[-61.3617,16.336],[-61.3576,16.3354],[-61.3569,16.3358],[-61.3566,16.335],[-61.3521,16.3334],[-61.3504,16.3342],[-61.3503,16.3348],[-61.3467,16.336],[-61.3457,16.3355],[-61.3448,16.3325],[-61.3442,16.3328],[-61.343,16.3322],[-61.3425,16.3288],[-61.342,16.3296],[-61.3412,16.3293],[-61.3407,16.3299],[-61.3409,16.3308],[-61.3416,16.3307],[-61.3407,16.331],[-61.3409,16.332],[-61.3403,16.333],[-61.3375,16.3336],[-61.3286,16.3331],[-61.3258,16.3325],[-61.3213,16.3302],[-61.3176,16.3298],[-61.3145,16.3306],[-61.3123,16.3322],[-61.3124,16.3317],[-61.3115,16.3311],[-61.3099,16.3309],[-61.3095,16.3285],[-61.3073,16.3274],[-61.3074,16.3278],[-61.3052,16.3252],[-61.3024,16.3252],[-61.2998,16.3278],[-61.2974,16.3276],[-61.2969,16.3255],[-61.2979,16.3242],[-61.2975,16.3229],[-61.2964,16.3227],[-61.2956,16.3239],[-61.2941,16.3219],[-61.2915,16.3218],[-61.2908,16.321],[-61.2895,16.3207],[-61.2888,16.3211],[-61.2883,16.3207],[-61.2881,16.3216],[-61.2869,16.3221],[-61.2859,16.3216],[-61.2858,16.3206],[-61.2851,16.3209],[-61.2844,16.3197],[-61.2824,16.3191],[-61.2821,16.3166],[-61.2815,16.3165],[-61.2804,16.3179],[-61.2801,16.3172],[-61.2789,16.3174],[-61.278,16.3165],[-61.2806,16.3087],[-61.2806,16.304],[-61.2815,16.3016],[-61.29,16.3031],[-61.2898,16.3036],[-61.2936,16.3047],[-61.2945,16.3014],[-61.2988,16.304],[-61.3073,16.3067],[-61.3082,16.3018],[-61.311,16.3027],[-61.3116,16.3007],[-61.311,16.3006],[-61.3111,16.3],[-61.3118,16.2985],[-61.3181,16.3003],[-61.3211,16.3001],[-61.3207,16.2981],[-61.3196,16.2975],[-61.3202,16.2957],[-61.3212,16.2952],[-61.3203,16.2928],[-61.3194,16.293],[-61.3191,16.2919],[-61.3274,16.2886],[-61.3327,16.2877],[-61.3347,16.2859],[-61.3361,16.2861],[-61.336,16.287],[-61.3367,16.2874],[-61.3377,16.2903],[-61.3454,16.2875],[-61.361,16.2875],[-61.3636,16.296],[-61.3564,16.2963],[-61.3592,16.3028],[-61.3647,16.3028],[-61.3645,16.3011],[-61.3658,16.301],[-61.3662,16.3018],[-61.3672,16.3007],[-61.3703,16.3001],[-61.3722,16.2987],[-61.371,16.2955],[-61.3721,16.294],[-61.3733,16.2944],[-61.3819,16.2917],[-61.3832,16.2918],[-61.3842,16.2908],[-61.3857,16.2904],[-61.3862,16.2923],[-61.3909,16.291],[-61.3907,16.2881],[-61.393,16.2873],[-61.3952,16.287],[-61.3958,16.2887],[-61.3991,16.2881],[-61.4033,16.2867],[-61.4062,16.2847],[-61.4081,16.2841],[-61.4089,16.2839],[-61.4092,16.2845],[-61.4149,16.2833],[-61.4161,16.2822],[-61.4218,16.2805],[-61.4223,16.2811],[-61.423,16.2809],[-61.4221,16.2787],[-61.4274,16.2788],[-61.4272,16.2801],[-61.4287,16.2802],[-61.429,16.2791],[-61.4312,16.2774],[-61.4311,16.2787],[-61.4329,16.2806],[-61.4374,16.2804]]],[[[-61.367,16.3368],[-61.3671,16.3376],[-61.3637,16.3372],[-61.3647,16.335],[-61.3672,16.3355],[-61.3667,16.336],[-61.367,16.3368]]]]}},{"type":"Feature","properties":{"nom":"Petit-Bourg","code":"97118"},"geometry":{"type":"Polygon","coordinates":[[[-61.7365,16.1807],[-61.7343,16.1831],[-61.7328,16.1838],[-61.7331,16.1847],[-61.7325,16.1856],[-61.7292,16.1862],[-61.7263,16.1893],[-61.7227,16.19],[-61.72,16.1918],[-61.7152,16.1925],[-61.7103,16.1909],[-61.7058,16.1911],[-61.704,16.1933],[-61.7012,16.1949],[-61.7003,16.1961],[-61.7005,16.1972],[-61.6993,16.1976],[-61.6989,16.199],[-61.6952,16.2002],[-61.6902,16.203],[-61.6879,16.2026],[-61.6871,16.2017],[-61.6836,16.2016],[-61.6783,16.2025],[-61.6758,16.2011],[-61.6687,16.2011],[-61.6689,16.202],[-61.668,16.2028],[-61.6682,16.2051],[-61.6674,16.2067],[-61.6618,16.2086],[-61.6583,16.2087],[-61.6575,16.2115],[-61.6494,16.212],[-61.6468,16.2143],[-61.6441,16.2158],[-61.6301,16.2204],[-61.6268,16.2209],[-61.6256,16.2217],[-61.6224,16.222],[-61.62,16.2232],[-61.6163,16.2228],[-61.6146,16.2259],[-61.6104,16.2253],[-61.6079,16.2273],[-61.6072,16.2289],[-61.6062,16.2293],[-61.6058,16.2299],[-61.6064,16.2302],[-61.6058,16.2308],[-61.6026,16.2328],[-61.6011,16.2328],[-61.6006,16.2333],[-61.6,16.2328],[-61.5999,16.2336],[-61.5979,16.2351],[-61.5951,16.2351],[-61.594,16.2362],[-61.5928,16.2363],[-61.5898,16.2351],[-61.588,16.2359],[-61.5835,16.2345],[-61.5848,16.2327],[-61.5844,16.2317],[-61.5851,16.2289],[-61.5877,16.2223],[-61.5886,16.2178],[-61.5865,16.216],[-61.5854,16.2142],[-61.5862,16.2138],[-61.5859,16.2132],[-61.587,16.2127],[-61.5876,16.2112],[-61.5872,16.2081],[-61.5848,16.2066],[-61.5831,16.2044],[-61.5849,16.2016],[-61.5888,16.1981],[-61.5906,16.1921],[-61.5898,16.1919],[-61.5894,16.1879],[-61.5892,16.1893],[-61.589,16.188],[-61.5883,16.1883],[-61.5883,16.1873],[-61.5888,16.1873],[-61.5892,16.1864],[-61.5889,16.1855],[-61.5861,16.1828],[-61.586,16.1804],[-61.5812,16.1795],[-61.58,16.1785],[-61.5805,16.1761],[-61.5797,16.1748],[-61.5797,16.1732],[-61.5807,16.1731],[-61.5843,16.1702],[-61.5855,16.1715],[-61.5846,16.1701],[-61.5852,16.1684],[-61.5848,16.1651],[-61.5831,16.1618],[-61.5845,16.1618],[-61.585,16.1625],[-61.586,16.1613],[-61.5871,16.1611],[-61.5875,16.16],[-61.5912,16.1626],[-61.5916,16.1617],[-61.5932,16.1617],[-61.5933,16.1605],[-61.5943,16.161],[-61.5948,16.1604],[-61.5951,16.1609],[-61.5961,16.16],[-61.5973,16.1599],[-61.5967,16.161],[-61.598,16.1614],[-61.5996,16.1608],[-61.6002,16.1595],[-61.6039,16.1603],[-61.6039,16.161],[-61.6047,16.1597],[-61.6056,16.1597],[-61.6061,16.1587],[-61.6071,16.1585],[-61.6072,16.1572],[-61.6095,16.1581],[-61.6109,16.1575],[-61.6107,16.1568],[-61.6113,16.1562],[-61.6145,16.1564],[-61.6146,16.1554],[-61.6165,16.1535],[-61.6195,16.1534],[-61.6207,16.1522],[-61.6219,16.1528],[-61.6217,16.1515],[-61.6226,16.1502],[-61.626,16.1495],[-61.6262,16.1486],[-61.6276,16.1479],[-61.6294,16.1481],[-61.6303,16.1469],[-61.6325,16.1458],[-61.6362,16.1426],[-61.636,16.1397],[-61.6382,16.1389],[-61.6392,16.1364],[-61.642,16.1348],[-61.65,16.1332],[-61.651,16.1316],[-61.655,16.129],[-61.6572,16.1249],[-61.6573,16.1231],[-61.6564,16.1224],[-61.6577,16.1203],[-61.6576,16.1193],[-61.66,16.1175],[-61.6634,16.1124],[-61.6662,16.1097],[-61.6686,16.1028],[-61.6698,16.1029],[-61.6715,16.1062],[-61.6718,16.1075],[-61.6714,16.108],[-61.6729,16.1099],[-61.6734,16.1104],[-61.6753,16.1105],[-61.6777,16.112],[-61.6796,16.1148],[-61.6859,16.1161],[-61.6887,16.1149],[-61.6914,16.1162],[-61.694,16.1162],[-61.6948,16.1156],[-61.6998,16.1203],[-61.7065,16.1187],[-61.7085,16.1173],[-61.7105,16.1169],[-61.7141,16.1201],[-61.7151,16.1231],[-61.7148,16.1239],[-61.7167,16.1269],[-61.7158,16.1276],[-61.7152,16.1296],[-61.7164,16.1332],[-61.7241,16.1353],[-61.7235,16.1391],[-61.7243,16.1418],[-61.724,16.1429],[-61.7248,16.1443],[-61.7247,16.1486],[-61.7276,16.1498],[-61.7302,16.1538],[-61.7293,16.1586],[-61.7305,16.1606],[-61.7297,16.1644],[-61.7305,16.1668],[-61.7314,16.1677],[-61.7314,16.169],[-61.7308,16.1695],[-61.7313,16.1707],[-61.7323,16.1712],[-61.7327,16.1727],[-61.7355,16.1771],[-61.7355,16.1786],[-61.7365,16.1807]]]}},{"type":"Feature","properties":{"nom":"Petit-Canal","code":"97119"},"geometry":{"type":"Polygon","coordinates":[[[-61.4039,16.446],[-61.4031,16.4457],[-61.4031,16.4429],[-61.4019,16.4426],[-61.4011,16.4415],[-61.4015,16.4396],[-61.401,16.4395],[-61.4009,16.4367],[-61.4,16.4345],[-61.401,16.4334],[-61.4006,16.4327],[-61.3993,16.4328],[-61.3995,16.4316],[-61.3985,16.43],[-61.3984,16.4282],[-61.3994,16.4265],[-61.3988,16.4243],[-61.3982,16.4242],[-61.3987,16.4213],[-61.3983,16.4188],[-61.3987,16.418],[-61.4005,16.418],[-61.4005,16.4165],[-61.4024,16.4159],[-61.4023,16.4172],[-61.4029,16.4165],[-61.4021,16.4145],[-61.4001,16.4143],[-61.4004,16.4137],[-61.401,16.4138],[-61.4005,16.412],[-61.4018,16.4094],[-61.4017,16.4078],[-61.4057,16.407],[-61.4054,16.4059],[-61.406,16.4056],[-61.4038,16.4026],[-61.4049,16.4016],[-61.4043,16.4013],[-61.405,16.4004],[-61.4039,16.3976],[-61.4057,16.3955],[-61.4053,16.3933],[-61.4095,16.3928],[-61.4163,16.3906],[-61.4164,16.39],[-61.4178,16.3896],[-61.4127,16.3744],[-61.4212,16.3715],[-61.4197,16.367],[-61.4187,16.3672],[-61.4179,16.3658],[-61.417,16.3659],[-61.4163,16.3645],[-61.4199,16.3634],[-61.4176,16.3564],[-61.4242,16.3544],[-61.4235,16.3456],[-61.4273,16.3443],[-61.4297,16.3428],[-61.4317,16.3426],[-61.4311,16.3402],[-61.4374,16.3384],[-61.4401,16.3459],[-61.4409,16.3503],[-61.4457,16.3496],[-61.4465,16.3578],[-61.4582,16.3563],[-61.4609,16.3566],[-61.4615,16.3574],[-61.4778,16.3513],[-61.4819,16.352],[-61.4833,16.3533],[-61.4909,16.3536],[-61.491,16.354],[-61.4923,16.3536],[-61.4997,16.3555],[-61.4999,16.3566],[-61.4975,16.3573],[-61.4971,16.3591],[-61.4976,16.3604],[-61.4972,16.3607],[-61.4963,16.3602],[-61.4959,16.3608],[-61.4979,16.3622],[-61.4991,16.3624],[-61.5007,16.3642],[-61.5015,16.3644],[-61.5013,16.365],[-61.4988,16.3652],[-61.4989,16.3657],[-61.4967,16.3673],[-61.4969,16.3686],[-61.4958,16.3695],[-61.4964,16.3705],[-61.496,16.3711],[-61.4971,16.372],[-61.4967,16.3727],[-61.4953,16.3731],[-61.4963,16.3738],[-61.4964,16.3752],[-61.4951,16.3769],[-61.4965,16.3779],[-61.4941,16.3786],[-61.4969,16.378],[-61.4964,16.3784],[-61.4969,16.379],[-61.4966,16.3793],[-61.4972,16.3793],[-61.4972,16.3806],[-61.4981,16.3812],[-61.4985,16.3829],[-61.499,16.3827],[-61.4996,16.3833],[-61.4993,16.3839],[-61.5022,16.3845],[-61.502,16.3853],[-61.5024,16.3847],[-61.5029,16.385],[-61.5043,16.3873],[-61.5053,16.3876],[-61.5057,16.3887],[-61.5072,16.3899],[-61.5081,16.3892],[-61.5097,16.3892],[-61.5107,16.3896],[-61.5113,16.391],[-61.5085,16.395],[-61.5069,16.3951],[-61.5051,16.3941],[-61.5018,16.396],[-61.5014,16.3979],[-61.5028,16.4],[-61.5024,16.4018],[-61.5015,16.4031],[-61.4978,16.4043],[-61.497,16.4071],[-61.4945,16.4089],[-61.4955,16.4104],[-61.4937,16.4126],[-61.482,16.4124],[-61.4812,16.4121],[-61.4817,16.41],[-61.481,16.4098],[-61.479,16.4109],[-61.4767,16.4095],[-61.4719,16.4095],[-61.4715,16.4068],[-61.4589,16.4084],[-61.4585,16.4115],[-61.4553,16.4227],[-61.4547,16.4234],[-61.4545,16.4254],[-61.4512,16.4257],[-61.4516,16.429],[-61.4465,16.4286],[-61.4459,16.4288],[-61.4461,16.4302],[-61.4416,16.431],[-61.4414,16.4301],[-61.4401,16.431],[-61.4402,16.4315],[-61.4371,16.4319],[-61.4382,16.4385],[-61.4326,16.4392],[-61.4319,16.439],[-61.4311,16.4341],[-61.4328,16.4331],[-61.4323,16.4212],[-61.4309,16.4207],[-61.4296,16.4217],[-61.428,16.4213],[-61.427,16.4209],[-61.4259,16.4192],[-61.4239,16.4199],[-61.4216,16.4199],[-61.4212,16.4275],[-61.4139,16.4273],[-61.4133,16.4292],[-61.4118,16.4293],[-61.4116,16.4312],[-61.4121,16.4314],[-61.4112,16.4392],[-61.4119,16.4405],[-61.4134,16.4408],[-61.4132,16.4423],[-61.4092,16.4431],[-61.4039,16.446]]]}},{"type":"Feature","properties":{"nom":"Pointe-à-Pitre","code":"97120"},"geometry":{"type":"MultiPolygon","coordinates":[[[[-61.5426,16.2138],[-61.5435,16.2144],[-61.5439,16.2158],[-61.543,16.219],[-61.5419,16.218],[-61.5405,16.2153],[-61.5368,16.2155],[-61.5347,16.2135],[-61.5396,16.2132],[-61.5426,16.2138]]],[[[-61.5279,16.2182],[-61.5305,16.2178],[-61.5331,16.2213],[-61.5329,16.2217],[-61.5318,16.2225],[-61.5323,16.2214],[-61.5297,16.2182],[-61.5279,16.2182]]],[[[-61.5503,16.2231],[-61.5503,16.2223],[-61.5511,16.222],[-61.551,16.2229],[-61.5499,16.2232],[-61.5471,16.2211],[-61.5503,16.2231]]],[[[-61.5515,16.2221],[-61.5528,16.2222],[-61.5544,16.2232],[-61.5547,16.2244],[-61.5515,16.2221]]],[[[-61.5572,16.224],[-61.5575,16.2232],[-61.558,16.2239],[-61.5577,16.2248],[-61.5572,16.224]]],[[[-61.5566,16.229],[-61.5569,16.2294],[-61.5562,16.2301],[-61.5554,16.2285],[-61.5566,16.229]]],[[[-61.549,16.2531],[-61.538,16.2481],[-61.5336,16.2467],[-61.5291,16.2384],[-61.5315,16.2279],[-61.5278,16.2261],[-61.527,16.2244],[-61.5255,16.2233],[-61.5267,16.2221],[-61.5274,16.2187],[-61.5283,16.2189],[-61.5279,16.2191],[-61.5283,16.2199],[-61.5286,16.2194],[-61.53,16.22],[-61.53,16.2208],[-61.5275,16.221],[-61.5273,16.2229],[-61.5291,16.2225],[-61.5319,16.2248],[-61.5331,16.2247],[-61.5329,16.2263],[-61.5303,16.2263],[-61.53,16.227],[-61.5313,16.2272],[-61.5321,16.229],[-61.5338,16.2292],[-61.5349,16.2324],[-61.5334,16.2331],[-61.5334,16.2342],[-61.5345,16.2346],[-61.5343,16.236],[-61.535,16.2364],[-61.5365,16.2342],[-61.5379,16.2351],[-61.5396,16.2371],[-61.539,16.2399],[-61.5422,16.2406],[-61.5417,16.2405],[-61.5413,16.243],[-61.5418,16.2444],[-61.5481,16.2497],[-61.5475,16.2509],[-61.5483,16.2512],[-61.5486,16.2507],[-61.5482,16.2503],[-61.55,16.2516],[-61.5487,16.2528],[-61.549,16.2531]]]]}},{"type":"Feature","properties":{"nom":"Pointe-Noire","code":"97121"},"geometry":{"type":"Polygon","coordinates":[[[-61.7263,16.1893],[-61.7284,16.1866],[-61.7325,16.1856],[-61.7331,16.1847],[-61.7328,16.1838],[-61.7343,16.1831],[-61.7365,16.1807],[-61.7386,16.1831],[-61.7414,16.1828],[-61.7429,16.1837],[-61.7478,16.1842],[-61.749,16.1845],[-61.7503,16.1859],[-61.7588,16.1813],[-61.7635,16.1803],[-61.771,16.1813],[-61.7739,16.1832],[-61.7758,16.1836],[-61.778,16.1849],[-61.7798,16.1871],[-61.7825,16.1877],[-61.7828,16.1888],[-61.7841,16.1892],[-61.7845,16.191],[-61.7879,16.1952],[-61.7866,16.1966],[-61.787,16.1985],[-61.7858,16.2002],[-61.786,16.2019],[-61.7852,16.2045],[-61.7829,16.2072],[-61.7833,16.2103],[-61.7826,16.2146],[-61.785,16.2177],[-61.7844,16.2195],[-61.7852,16.2245],[-61.7875,16.2289],[-61.7891,16.23],[-61.7903,16.2319],[-61.7909,16.2319],[-61.7911,16.2324],[-61.7906,16.2326],[-61.7917,16.2339],[-61.7917,16.2351],[-61.7928,16.2358],[-61.7954,16.2362],[-61.7971,16.2387],[-61.7969,16.2397],[-61.7985,16.2403],[-61.8001,16.2421],[-61.8016,16.2425],[-61.8024,16.2473],[-61.8033,16.2484],[-61.8025,16.2498],[-61.8029,16.2499],[-61.8027,16.2513],[-61.8037,16.2519],[-61.8035,16.253],[-61.805,16.254],[-61.8052,16.2563],[-61.8063,16.2581],[-61.806,16.2593],[-61.8046,16.2588],[-61.8062,16.2597],[-61.8063,16.2608],[-61.8059,16.2604],[-61.8058,16.2609],[-61.8052,16.2607],[-61.8053,16.2612],[-61.806,16.2611],[-61.8054,16.2633],[-61.8072,16.2663],[-61.8069,16.2673],[-61.8045,16.2685],[-61.8014,16.2686],[-61.7981,16.2699],[-61.7935,16.2704],[-61.7918,16.2715],[-61.7864,16.2706],[-61.7841,16.272],[-61.7781,16.2728],[-61.7769,16.2725],[-61.773,16.2737],[-61.7693,16.2734],[-61.7673,16.2738],[-61.7654,16.2731],[-61.764,16.2733],[-61.7603,16.2714],[-61.7565,16.2728],[-61.7554,16.268],[-61.7582,16.2633],[-61.7556,16.2615],[-61.755,16.2598],[-61.7552,16.256],[-61.752,16.2529],[-61.7478,16.2532],[-61.7433,16.2494],[-61.7386,16.2494],[-61.7365,16.2478],[-61.7363,16.2472],[-61.7371,16.2461],[-61.7368,16.2449],[-61.7349,16.2429],[-61.7305,16.241],[-61.7303,16.2388],[-61.729,16.2377],[-61.7285,16.2354],[-61.7262,16.2336],[-61.7252,16.2306],[-61.723,16.2293],[-61.7248,16.2251],[-61.7241,16.2205],[-61.7258,16.2181],[-61.729,16.2174],[-61.7303,16.2159],[-61.7315,16.2158],[-61.7324,16.2134],[-61.7335,16.2124],[-61.7293,16.2113],[-61.7292,16.2074],[-61.7304,16.2061],[-61.7302,16.205],[-61.7318,16.2043],[-61.7327,16.2013],[-61.7312,16.1998],[-61.7296,16.1967],[-61.7298,16.1952],[-61.7306,16.1946],[-61.7302,16.1936],[-61.7291,16.193],[-61.7283,16.1913],[-61.7263,16.1893]]]}},{"type":"Feature","properties":{"nom":"Port-Louis","code":"97122"},"geometry":{"type":"Polygon","coordinates":[[[-61.5356,16.4529],[-61.5167,16.4552],[-61.5164,16.4534],[-61.5154,16.4526],[-61.515,16.4513],[-61.5112,16.452],[-61.511,16.4528],[-61.5105,16.4525],[-61.5103,16.4484],[-61.5108,16.4475],[-61.5072,16.4482],[-61.5047,16.4471],[-61.5044,16.4463],[-61.5029,16.4455],[-61.5005,16.4473],[-61.4972,16.4482],[-61.4965,16.4451],[-61.4956,16.4451],[-61.4956,16.4441],[-61.494,16.4446],[-61.493,16.4395],[-61.4907,16.4396],[-61.4903,16.4386],[-61.4795,16.4399],[-61.4746,16.4385],[-61.4749,16.4414],[-61.472,16.4416],[-61.4722,16.4436],[-61.4681,16.4442],[-61.4667,16.445],[-61.4667,16.4473],[-61.4626,16.4479],[-61.4623,16.4447],[-61.4531,16.4459],[-61.4538,16.4502],[-61.4454,16.4513],[-61.4437,16.4401],[-61.4347,16.4412],[-61.4345,16.439],[-61.4382,16.4385],[-61.4371,16.4319],[-61.4402,16.4315],[-61.4401,16.431],[-61.4414,16.4301],[-61.4416,16.431],[-61.4461,16.4302],[-61.4459,16.4288],[-61.4465,16.4286],[-61.4516,16.429],[-61.4512,16.4257],[-61.4543,16.4257],[-61.4578,16.4142],[-61.4589,16.4084],[-61.4715,16.4068],[-61.4719,16.4095],[-61.4767,16.4095],[-61.479,16.4109],[-61.481,16.4098],[-61.4817,16.41],[-61.4812,16.4121],[-61.482,16.4124],[-61.4937,16.4126],[-61.4955,16.4104],[-61.4945,16.4089],[-61.497,16.4071],[-61.4978,16.4043],[-61.5015,16.4031],[-61.5024,16.4018],[-61.5028,16.4],[-61.5014,16.3979],[-61.5018,16.396],[-61.5051,16.3941],[-61.5069,16.3951],[-61.5085,16.395],[-61.5112,16.3914],[-61.5107,16.3896],[-61.5068,16.389],[-61.5074,16.3869],[-61.5087,16.3851],[-61.5115,16.388],[-61.5121,16.3893],[-61.5138,16.3893],[-61.5157,16.3906],[-61.5224,16.3934],[-61.5238,16.3932],[-61.5249,16.3948],[-61.5258,16.395],[-61.5273,16.3994],[-61.5284,16.3998],[-61.5288,16.4006],[-61.5285,16.4041],[-61.5292,16.4051],[-61.5297,16.4098],[-61.5324,16.4102],[-61.5308,16.4103],[-61.531,16.4114],[-61.5319,16.4113],[-61.531,16.4117],[-61.5315,16.4125],[-61.5329,16.4119],[-61.5329,16.4113],[-61.533,16.4119],[-61.533,16.4099],[-61.5332,16.4127],[-61.5323,16.4127],[-61.5324,16.4136],[-61.5335,16.4148],[-61.5336,16.4179],[-61.5346,16.4196],[-61.5332,16.4245],[-61.5368,16.4308],[-61.5373,16.4309],[-61.537,16.4359],[-61.5376,16.4373],[-61.5383,16.4379],[-61.5407,16.4372],[-61.5415,16.4377],[-61.5414,16.4388],[-61.5399,16.4401],[-61.5375,16.4439],[-61.536,16.4484],[-61.5356,16.4529]]]}},{"type":"Feature","properties":{"nom":"Saint-Claude","code":"97124"},"geometry":{"type":"Polygon","coordinates":[[[-61.7125,15.9966],[-61.7186,16.0015],[-61.7177,16.0026],[-61.7189,16.0029],[-61.7209,16.0022],[-61.7225,16.0037],[-61.724,16.0036],[-61.7259,16.006],[-61.7295,16.0091],[-61.7309,16.0114],[-61.7289,16.0116],[-61.7252,16.014],[-61.7247,16.0149],[-61.7239,16.015],[-61.7237,16.0162],[-61.721,16.0159],[-61.7218,16.0169],[-61.7215,16.0175],[-61.7202,16.0164],[-61.7205,16.0178],[-61.7197,16.0185],[-61.7199,16.0194],[-61.7177,16.0202],[-61.7177,16.0223],[-61.7155,16.0215],[-61.7147,16.0236],[-61.7154,16.0243],[-61.7131,16.0264],[-61.7143,16.0272],[-61.7141,16.0283],[-61.7148,16.0296],[-61.7146,16.0302],[-61.7138,16.0303],[-61.7146,16.0317],[-61.7133,16.0315],[-61.713,16.032],[-61.7133,16.034],[-61.7127,16.0345],[-61.7139,16.0355],[-61.7125,16.0357],[-61.7139,16.0366],[-61.7139,16.0375],[-61.7127,16.0376],[-61.7123,16.0386],[-61.7107,16.0386],[-61.711,16.0395],[-61.71,16.0403],[-61.7111,16.0416],[-61.7102,16.0416],[-61.7105,16.0427],[-61.7095,16.0436],[-61.7098,16.0446],[-61.7085,16.0445],[-61.7092,16.0456],[-61.7077,16.0456],[-61.708,16.0472],[-61.7073,16.0475],[-61.706,16.0462],[-61.7047,16.0474],[-61.7039,16.0467],[-61.7022,16.0474],[-61.702,16.0491],[-61.7007,16.0492],[-61.7006,16.051],[-61.6984,16.0534],[-61.6986,16.0546],[-61.6976,16.0558],[-61.6974,16.0574],[-61.6945,16.0599],[-61.6929,16.0622],[-61.6919,16.0622],[-61.6912,16.0642],[-61.6851,16.0675],[-61.685,16.0715],[-61.6856,16.0721],[-61.6849,16.0728],[-61.6848,16.0744],[-61.6833,16.0751],[-61.684,16.0812],[-61.6833,16.0828],[-61.6806,16.0846],[-61.6806,16.0835],[-61.6792,16.0821],[-61.679,16.0804],[-61.674,16.0753],[-61.6749,16.073],[-61.6749,16.068],[-61.6716,16.0592],[-61.6701,16.0597],[-61.6641,16.0577],[-61.6634,16.0567],[-61.6629,16.0547],[-61.6632,16.0519],[-61.662,16.0507],[-61.6609,16.0478],[-61.663,16.0439],[-61.6597,16.0423],[-61.6628,16.0384],[-61.6635,16.0355],[-61.6635,16.0331],[-61.6609,16.0258],[-61.6619,16.024],[-61.662,16.0222],[-61.6623,16.0217],[-61.6638,16.0219],[-61.6665,16.0174],[-61.6695,16.0156],[-61.6709,16.0136],[-61.6719,16.0142],[-61.6724,16.0133],[-61.6734,16.0134],[-61.6742,16.012],[-61.6748,16.012],[-61.6752,16.0111],[-61.6759,16.0112],[-61.6762,16.0105],[-61.6781,16.0107],[-61.6806,16.009],[-61.6834,16.009],[-61.685,16.0111],[-61.6874,16.012],[-61.6894,16.0116],[-61.6906,16.0107],[-61.6921,16.0085],[-61.6922,16.0071],[-61.6928,16.0071],[-61.694,16.0053],[-61.6946,16.0062],[-61.695,16.005],[-61.6975,16.0054],[-61.6978,16.0047],[-61.6984,16.0048],[-61.6986,16.0038],[-61.7001,16.0041],[-61.7003,16.0032],[-61.7008,16.0037],[-61.7013,16.0028],[-61.7022,16.003],[-61.7036,16.002],[-61.7037,16.0012],[-61.706,16.0001],[-61.7073,16.0001],[-61.7079,15.9985],[-61.7091,15.9983],[-61.7094,15.9973],[-61.7106,15.9979],[-61.7125,15.9966]]]}},{"type":"Feature","properties":{"nom":"Saint-François","code":"97125"},"geometry":{"type":"Polygon","coordinates":[[[-61.3361,16.2861],[-61.3347,16.2859],[-61.3327,16.2877],[-61.3274,16.2886],[-61.3191,16.2919],[-61.3194,16.293],[-61.3203,16.2928],[-61.3212,16.2952],[-61.3202,16.2957],[-61.3196,16.2975],[-61.3207,16.2981],[-61.3211,16.3001],[-61.3181,16.3003],[-61.3118,16.2985],[-61.3111,16.3],[-61.311,16.3006],[-61.3116,16.3007],[-61.311,16.3027],[-61.3082,16.3018],[-61.3073,16.3067],[-61.2988,16.304],[-61.2945,16.3014],[-61.2936,16.3047],[-61.2898,16.3036],[-61.29,16.3031],[-61.2815,16.3016],[-61.2806,16.304],[-61.2806,16.3087],[-61.2799,16.3116],[-61.278,16.3165],[-61.2773,16.3168],[-61.2756,16.3146],[-61.2755,16.3129],[-61.2739,16.3131],[-61.2729,16.314],[-61.2722,16.3118],[-61.2714,16.312],[-61.2712,16.3114],[-61.2693,16.3112],[-61.2667,16.3093],[-61.2662,16.3098],[-61.2663,16.308],[-61.2674,16.3066],[-61.2665,16.3049],[-61.2633,16.3059],[-61.2603,16.3048],[-61.2591,16.3038],[-61.2583,16.3026],[-61.2587,16.302],[-61.2563,16.2983],[-61.2562,16.2963],[-61.2567,16.2962],[-61.2563,16.2951],[-61.2503,16.2874],[-61.2477,16.2822],[-61.247,16.2797],[-61.2471,16.2791],[-61.2482,16.2785],[-61.2465,16.2782],[-61.2458,16.2786],[-61.2456,16.2766],[-61.2429,16.275],[-61.2432,16.2735],[-61.2402,16.2722],[-61.2363,16.2687],[-61.2329,16.2669],[-61.2249,16.2651],[-61.2237,16.2641],[-61.2205,16.264],[-61.2181,16.2628],[-61.2183,16.262],[-61.217,16.2604],[-61.2145,16.259],[-61.2124,16.259],[-61.2112,16.2582],[-61.2094,16.258],[-61.2087,16.2567],[-61.2067,16.2554],[-61.2021,16.2542],[-61.1998,16.2545],[-61.1985,16.2562],[-61.1993,16.2577],[-61.1989,16.2581],[-61.1977,16.2576],[-61.1977,16.2569],[-61.1959,16.255],[-61.193,16.2536],[-61.1899,16.2549],[-61.1864,16.2539],[-61.182,16.2499],[-61.1798,16.2488],[-61.1805,16.2483],[-61.1799,16.2476],[-61.1786,16.2477],[-61.1793,16.2485],[-61.1781,16.2477],[-61.1762,16.2489],[-61.1766,16.2469],[-61.1759,16.2461],[-61.1736,16.2457],[-61.1725,16.2464],[-61.1716,16.2461],[-61.1728,16.2455],[-61.1739,16.2457],[-61.1736,16.2448],[-61.1744,16.2447],[-61.1751,16.2433],[-61.1742,16.2431],[-61.177,16.2415],[-61.1771,16.2425],[-61.1778,16.2423],[-61.1775,16.2429],[-61.1791,16.245],[-61.183,16.2453],[-61.1832,16.2461],[-61.185,16.2472],[-61.1919,16.2502],[-61.1928,16.2498],[-61.1936,16.2504],[-61.1971,16.2494],[-61.1978,16.2498],[-61.1984,16.2492],[-61.199,16.2492],[-61.1985,16.2496],[-61.1995,16.25],[-61.2038,16.2495],[-61.2111,16.2513],[-61.2133,16.251],[-61.2187,16.253],[-61.2223,16.2536],[-61.2277,16.2529],[-61.2287,16.2532],[-61.2298,16.2526],[-61.2305,16.2532],[-61.2315,16.2529],[-61.232,16.2536],[-61.2331,16.2533],[-61.2337,16.2538],[-61.2377,16.254],[-61.2408,16.255],[-61.2489,16.2552],[-61.2549,16.2565],[-61.2641,16.2521],[-61.2642,16.2507],[-61.2657,16.2524],[-61.2681,16.2532],[-61.2685,16.2521],[-61.2666,16.2514],[-61.2657,16.2516],[-61.2651,16.251],[-61.2656,16.2504],[-61.2695,16.2503],[-61.27,16.2497],[-61.2706,16.2502],[-61.2726,16.25],[-61.276,16.251],[-61.2793,16.2502],[-61.279,16.2512],[-61.2794,16.2504],[-61.2806,16.2502],[-61.2824,16.2488],[-61.2842,16.2486],[-61.2853,16.2464],[-61.2866,16.2457],[-61.2892,16.2447],[-61.2921,16.2444],[-61.2923,16.2438],[-61.2931,16.2446],[-61.2937,16.2445],[-61.2937,16.2437],[-61.2944,16.2432],[-61.2967,16.2437],[-61.3009,16.2435],[-61.3054,16.2417],[-61.3065,16.2424],[-61.3071,16.2418],[-61.3086,16.2423],[-61.3097,16.2417],[-61.315,16.2414],[-61.3155,16.2407],[-61.3169,16.2409],[-61.3171,16.2401],[-61.3185,16.2401],[-61.3204,16.2409],[-61.3233,16.2439],[-61.3244,16.2442],[-61.3256,16.2434],[-61.3272,16.2451],[-61.3256,16.2476],[-61.3253,16.2511],[-61.3247,16.2522],[-61.3361,16.2861]]]}},{"type":"Feature","properties":{"nom":"Saint-Louis","code":"97126"},"geometry":{"type":"Polygon","coordinates":[[[-61.2246,15.9645],[-61.2265,15.963],[-61.23,15.9614],[-61.2307,15.958],[-61.2369,15.9589],[-61.2389,15.9521],[-61.245,15.9515],[-61.246,15.9479],[-61.2583,15.9472],[-61.2571,15.9459],[-61.2571,15.943],[-61.2557,15.9425],[-61.2554,15.9401],[-61.2558,15.9395],[-61.2568,15.9394],[-61.2577,15.9371],[-61.2605,15.9356],[-61.2595,15.9335],[-61.2605,15.9316],[-61.2597,15.9306],[-61.261,15.9257],[-61.2642,15.9242],[-61.2649,15.9248],[-61.2669,15.9235],[-61.268,15.9242],[-61.2677,15.9259],[-61.2728,15.9243],[-61.2729,15.9259],[-61.2751,15.9262],[-61.2753,15.9276],[-61.2772,15.9277],[-61.2777,15.9295],[-61.2773,15.9327],[-61.2801,15.933],[-61.2818,15.9344],[-61.2828,15.9346],[-61.2844,15.9339],[-61.2854,15.9355],[-61.2868,15.9349],[-61.2879,15.9357],[-61.2892,15.9346],[-61.2909,15.9356],[-61.2933,15.9343],[-61.2938,15.9331],[-61.2947,15.9331],[-61.2991,15.9355],[-61.3012,15.9356],[-61.3015,15.9367],[-61.3008,15.9386],[-61.3076,15.9385],[-61.3089,15.939],[-61.3131,15.9391],[-61.3145,15.9401],[-61.3147,15.9426],[-61.3168,15.9463],[-61.3191,15.9469],[-61.3198,15.9487],[-61.3197,15.9502],[-61.3201,15.9506],[-61.3222,15.9494],[-61.3232,15.9495],[-61.32,15.9525],[-61.3189,15.9559],[-61.318,15.9661],[-61.318,15.9673],[-61.3187,15.968],[-61.3181,15.9695],[-61.3185,15.9708],[-61.318,15.973],[-61.3183,15.9749],[-61.3191,15.9756],[-61.3187,15.9762],[-61.3116,15.9768],[-61.3067,15.9786],[-61.3061,15.98],[-61.3068,15.9808],[-61.3053,15.982],[-61.3056,15.9852],[-61.3062,15.9861],[-61.3057,15.9871],[-61.3023,15.9874],[-61.3005,15.9885],[-61.3004,15.9907],[-61.2986,15.9923],[-61.2989,15.9935],[-61.2964,15.9977],[-61.2924,16.0019],[-61.2914,16.0022],[-61.2911,16.0032],[-61.2895,16.004],[-61.2888,16.0034],[-61.288,16.004],[-61.2867,16.0036],[-61.286,16.0042],[-61.2833,16.0041],[-61.2818,16.0031],[-61.2805,16.0046],[-61.2778,16.0049],[-61.2762,16.0073],[-61.2754,16.0064],[-61.2759,16.0049],[-61.2742,16.0057],[-61.2746,16.0051],[-61.2738,16.0051],[-61.2737,16.0039],[-61.2721,16.0045],[-61.2712,16.0039],[-61.2713,16.0028],[-61.2703,16.0033],[-61.2681,16.0032],[-61.2664,16.0018],[-61.2634,16.0013],[-61.2632,16.0001],[-61.2618,16.0003],[-61.2607,15.9996],[-61.2603,15.9984],[-61.259,15.9983],[-61.259,15.9977],[-61.2584,15.9976],[-61.2587,15.9964],[-61.2573,15.9964],[-61.2569,15.9954],[-61.256,15.9955],[-61.2558,15.9945],[-61.2531,15.9941],[-61.2524,15.9926],[-61.2506,15.9928],[-61.2492,15.9916],[-61.2477,15.9934],[-61.2472,15.9932],[-61.2479,15.9927],[-61.2474,15.9924],[-61.248,15.9918],[-61.2477,15.9912],[-61.2466,15.991],[-61.2443,15.9917],[-61.2437,15.9911],[-61.2418,15.9914],[-61.2436,15.9884],[-61.2434,15.9877],[-61.2425,15.9875],[-61.2412,15.9887],[-61.2408,15.9883],[-61.2397,15.9889],[-61.2393,15.9884],[-61.2397,15.9856],[-61.2379,15.9864],[-61.236,15.986],[-61.2353,15.9851],[-61.2332,15.9857],[-61.2319,15.9842],[-61.233,15.9833],[-61.233,15.9825],[-61.2303,15.9807],[-61.232,15.9774],[-61.231,15.9766],[-61.229,15.9771],[-61.2301,15.9761],[-61.2303,15.9745],[-61.2312,15.9737],[-61.231,15.9731],[-61.229,15.9701],[-61.2275,15.9697],[-61.2277,15.9686],[-61.2271,15.9679],[-61.2234,15.9683],[-61.2233,15.9669],[-61.2246,15.9658],[-61.2246,15.9645]]]}},{"type":"Feature","properties":{"nom":"Sainte-Anne","code":"97128"},"geometry":{"type":"Polygon","coordinates":[[[-61.3361,16.2861],[-61.3247,16.2522],[-61.3253,16.2511],[-61.3256,16.2476],[-61.3273,16.2454],[-61.326,16.2436],[-61.3249,16.2431],[-61.3241,16.2412],[-61.3264,16.2412],[-61.3279,16.2418],[-61.3305,16.2409],[-61.3328,16.2419],[-61.3385,16.2419],[-61.3395,16.2412],[-61.339,16.2407],[-61.3393,16.2399],[-61.3433,16.2397],[-61.3439,16.2388],[-61.3495,16.2361],[-61.3532,16.2357],[-61.3547,16.235],[-61.3591,16.2353],[-61.363,16.2343],[-61.364,16.2347],[-61.3647,16.2337],[-61.3706,16.2317],[-61.3722,16.2282],[-61.3773,16.2252],[-61.3801,16.2219],[-61.3815,16.2224],[-61.382,16.2222],[-61.3818,16.2215],[-61.3826,16.2225],[-61.3855,16.2237],[-61.389,16.2234],[-61.3897,16.2237],[-61.3893,16.2244],[-61.3909,16.2232],[-61.3903,16.2226],[-61.391,16.2212],[-61.3904,16.2226],[-61.391,16.2231],[-61.3919,16.2229],[-61.3917,16.2222],[-61.3923,16.2225],[-61.3937,16.2214],[-61.3945,16.2166],[-61.3961,16.2175],[-61.3973,16.2191],[-61.3989,16.2196],[-61.4007,16.2188],[-61.4012,16.2179],[-61.4013,16.2184],[-61.4021,16.218],[-61.4031,16.2183],[-61.4043,16.2169],[-61.4058,16.2169],[-61.4061,16.2165],[-61.405,16.2153],[-61.4051,16.2147],[-61.4064,16.215],[-61.4065,16.2142],[-61.407,16.2145],[-61.4075,16.214],[-61.407,16.2131],[-61.409,16.2132],[-61.4086,16.2124],[-61.4104,16.2117],[-61.4115,16.2123],[-61.4119,16.2118],[-61.4155,16.211],[-61.4179,16.2116],[-61.4194,16.2101],[-61.4194,16.2111],[-61.421,16.2123],[-61.4203,16.2132],[-61.4241,16.2234],[-61.4247,16.2233],[-61.4249,16.2242],[-61.4235,16.2251],[-61.4284,16.2288],[-61.4322,16.2402],[-61.4367,16.244],[-61.4372,16.2455],[-61.4379,16.2453],[-61.4388,16.2468],[-61.4416,16.246],[-61.4428,16.2488],[-61.445,16.2483],[-61.4469,16.2506],[-61.4486,16.2511],[-61.4494,16.2527],[-61.4493,16.2548],[-61.4543,16.2568],[-61.4551,16.258],[-61.4538,16.2578],[-61.4527,16.2591],[-61.4522,16.2616],[-61.4507,16.2616],[-61.4485,16.2629],[-61.445,16.2614],[-61.4452,16.2636],[-61.4447,16.2637],[-61.4447,16.2651],[-61.4457,16.2684],[-61.4439,16.269],[-61.4444,16.2703],[-61.4438,16.271],[-61.445,16.2731],[-61.4465,16.2726],[-61.4462,16.2766],[-61.4451,16.2793],[-61.4427,16.2802],[-61.4405,16.2783],[-61.4375,16.2799],[-61.4374,16.2804],[-61.434,16.2809],[-61.4316,16.2795],[-61.4312,16.2774],[-61.429,16.2791],[-61.4287,16.2802],[-61.4272,16.2801],[-61.4274,16.2788],[-61.4221,16.2787],[-61.423,16.2809],[-61.4223,16.2811],[-61.4218,16.2805],[-61.4161,16.2822],[-61.4149,16.2833],[-61.4092,16.2845],[-61.4089,16.2839],[-61.4081,16.2841],[-61.4062,16.2847],[-61.4033,16.2867],[-61.3991,16.2881],[-61.3958,16.2887],[-61.3952,16.287],[-61.3907,16.2881],[-61.3909,16.291],[-61.3862,16.2923],[-61.3857,16.2904],[-61.3842,16.2908],[-61.3832,16.2918],[-61.3819,16.2917],[-61.3733,16.2944],[-61.3721,16.294],[-61.371,16.2955],[-61.3722,16.2987],[-61.3703,16.3001],[-61.3672,16.3007],[-61.3662,16.3018],[-61.3658,16.301],[-61.3645,16.3011],[-61.3647,16.3028],[-61.3592,16.3028],[-61.3564,16.2963],[-61.3636,16.296],[-61.361,16.2875],[-61.3454,16.2875],[-61.3377,16.2903],[-61.3367,16.2874],[-61.336,16.287],[-61.3361,16.2861]]]}},{"type":"Feature","properties":{"nom":"Sainte-Rose","code":"97129"},"geometry":{"type":"Polygon","coordinates":[[[-61.6055,16.2973],[-61.6065,16.299],[-61.608,16.2992],[-61.6102,16.2987],[-61.6151,16.2956],[-61.6208,16.2952],[-61.6228,16.2955],[-61.6289,16.2989],[-61.6338,16.2993],[-61.6347,16.2984],[-61.6341,16.2968],[-61.6345,16.2962],[-61.6408,16.2968],[-61.6482,16.2951],[-61.6509,16.2955],[-61.6554,16.2978],[-61.6564,16.2977],[-61.6585,16.2957],[-61.6589,16.2938],[-61.6551,16.2936],[-61.654,16.293],[-61.6542,16.2915],[-61.655,16.2908],[-61.6587,16.2898],[-61.6632,16.2904],[-61.6665,16.2902],[-61.6674,16.2873],[-61.6657,16.2831],[-61.6686,16.2785],[-61.6685,16.2777],[-61.6668,16.2766],[-61.6668,16.2758],[-61.6689,16.2751],[-61.6699,16.2735],[-61.6731,16.273],[-61.6739,16.2722],[-61.673,16.2709],[-61.6717,16.2703],[-61.6721,16.2682],[-61.6709,16.266],[-61.6719,16.264],[-61.6739,16.2646],[-61.6745,16.2643],[-61.6744,16.2627],[-61.6755,16.2615],[-61.6738,16.2593],[-61.6744,16.2588],[-61.6761,16.2589],[-61.6762,16.2578],[-61.6753,16.2566],[-61.6701,16.2555],[-61.6701,16.2541],[-61.6732,16.2547],[-61.6735,16.2539],[-61.6699,16.2515],[-61.6732,16.2513],[-61.6739,16.25],[-61.6759,16.2493],[-61.6751,16.2476],[-61.6762,16.247],[-61.6775,16.2474],[-61.6767,16.2464],[-61.6771,16.246],[-61.6792,16.2471],[-61.6784,16.2458],[-61.6785,16.2444],[-61.6807,16.2425],[-61.6815,16.2407],[-61.683,16.2405],[-61.6825,16.2396],[-61.6832,16.2384],[-61.6858,16.2365],[-61.6857,16.2356],[-61.6865,16.2354],[-61.6868,16.2346],[-61.6888,16.2348],[-61.6893,16.2334],[-61.6902,16.2334],[-61.6904,16.2342],[-61.6912,16.2328],[-61.6922,16.2329],[-61.6925,16.232],[-61.6936,16.2325],[-61.6945,16.2316],[-61.6951,16.2322],[-61.6955,16.2315],[-61.6987,16.2324],[-61.6989,16.2312],[-61.7014,16.2316],[-61.7019,16.2307],[-61.7038,16.2314],[-61.7042,16.229],[-61.705,16.2284],[-61.705,16.2277],[-61.7066,16.2276],[-61.7076,16.2261],[-61.7089,16.2266],[-61.7095,16.2259],[-61.7111,16.2256],[-61.7198,16.2292],[-61.723,16.2293],[-61.7252,16.2306],[-61.7262,16.2336],[-61.7285,16.2354],[-61.729,16.2377],[-61.7303,16.2388],[-61.7305,16.241],[-61.7349,16.2429],[-61.7368,16.2449],[-61.7371,16.2461],[-61.7363,16.2472],[-61.7365,16.2478],[-61.7386,16.2494],[-61.7433,16.2494],[-61.7478,16.2532],[-61.7513,16.2527],[-61.7526,16.2533],[-61.7553,16.2562],[-61.755,16.2598],[-61.7556,16.2615],[-61.7582,16.2633],[-61.7554,16.268],[-61.757,16.2749],[-61.7563,16.2766],[-61.757,16.2776],[-61.7565,16.2806],[-61.7588,16.2848],[-61.7643,16.2871],[-61.7655,16.2886],[-61.764,16.2902],[-61.7641,16.2923],[-61.7634,16.2933],[-61.7638,16.2942],[-61.7617,16.2954],[-61.7617,16.3005],[-61.7634,16.3031],[-61.7616,16.3042],[-61.7629,16.306],[-61.763,16.3079],[-61.7613,16.3096],[-61.7604,16.3144],[-61.7586,16.3157],[-61.7579,16.3171],[-61.7607,16.3218],[-61.7596,16.3229],[-61.7597,16.3274],[-61.7583,16.3286],[-61.7591,16.3293],[-61.7587,16.3298],[-61.7648,16.3324],[-61.7652,16.3355],[-61.7658,16.3358],[-61.7652,16.3385],[-61.7657,16.341],[-61.7654,16.3435],[-61.7623,16.3486],[-61.7628,16.3502],[-61.7645,16.3511],[-61.7649,16.3537],[-61.7644,16.3542],[-61.7626,16.3539],[-61.7607,16.3546],[-61.7597,16.3558],[-61.7598,16.3554],[-61.7587,16.355],[-61.7582,16.3554],[-61.7581,16.3548],[-61.7576,16.355],[-61.7556,16.3539],[-61.7507,16.3541],[-61.7489,16.3549],[-61.7482,16.3556],[-61.7483,16.3563],[-61.7464,16.3573],[-61.746,16.3581],[-61.7462,16.3606],[-61.745,16.3607],[-61.744,16.3619],[-61.742,16.3604],[-61.7391,16.3601],[-61.7387,16.3591],[-61.7365,16.3575],[-61.7332,16.3563],[-61.7316,16.356],[-61.7292,16.3578],[-61.7294,16.3571],[-61.7281,16.3547],[-61.7267,16.3538],[-61.7249,16.3542],[-61.7248,16.3522],[-61.7215,16.3505],[-61.7207,16.351],[-61.7224,16.3485],[-61.7218,16.3473],[-61.72,16.3476],[-61.7193,16.3462],[-61.7181,16.3459],[-61.7173,16.3448],[-61.716,16.345],[-61.7175,16.3428],[-61.717,16.3416],[-61.7157,16.3406],[-61.7163,16.3397],[-61.7145,16.3384],[-61.7146,16.3378],[-61.7086,16.3361],[-61.7066,16.3367],[-61.7034,16.3364],[-61.7014,16.3344],[-61.6988,16.336],[-61.6986,16.3351],[-61.6966,16.3346],[-61.6957,16.3352],[-61.6963,16.3361],[-61.6972,16.3363],[-61.6962,16.3362],[-61.6955,16.3352],[-61.6934,16.3347],[-61.6911,16.3313],[-61.6895,16.3314],[-61.6886,16.3301],[-61.6864,16.3297],[-61.6858,16.3285],[-61.6862,16.3276],[-61.6858,16.3267],[-61.6864,16.3259],[-61.6849,16.3247],[-61.6841,16.3252],[-61.6834,16.3247],[-61.6828,16.3251],[-61.6823,16.3246],[-61.6817,16.3248],[-61.6809,16.3269],[-61.6812,16.3281],[-61.6805,16.3286],[-61.6785,16.3285],[-61.6782,16.3278],[-61.6787,16.3274],[-61.6775,16.3273],[-61.6773,16.3264],[-61.675,16.326],[-61.6745,16.3253],[-61.6726,16.3246],[-61.6732,16.3232],[-61.6723,16.3226],[-61.6732,16.3213],[-61.673,16.319],[-61.6723,16.3198],[-61.6731,16.3212],[-61.6722,16.3222],[-61.672,16.3214],[-61.671,16.3213],[-61.671,16.3204],[-61.67,16.3197],[-61.6701,16.3189],[-61.6708,16.3193],[-61.6713,16.318],[-61.6704,16.3177],[-61.6703,16.3182],[-61.6707,16.3178],[-61.6709,16.3184],[-61.6698,16.3187],[-61.6698,16.3177],[-61.6692,16.3172],[-61.6669,16.3201],[-61.6651,16.321],[-61.6645,16.3206],[-61.666,16.3193],[-61.6654,16.3187],[-61.6663,16.3186],[-61.665,16.3176],[-61.6622,16.3196],[-61.6631,16.3199],[-61.6628,16.3202],[-61.6615,16.3199],[-61.6602,16.3207],[-61.6596,16.3196],[-61.6562,16.3196],[-61.6537,16.3209],[-61.651,16.3214],[-61.6489,16.3192],[-61.6476,16.3193],[-61.6465,16.3185],[-61.6431,16.3178],[-61.6429,16.3172],[-61.6424,16.3174],[-61.641,16.3163],[-61.6409,16.3157],[-61.6419,16.3152],[-61.6421,16.3143],[-61.6449,16.3128],[-61.6445,16.3104],[-61.6434,16.3088],[-61.6407,16.3087],[-61.6381,16.3096],[-61.6371,16.3092],[-61.6365,16.3084],[-61.634,16.3075],[-61.6334,16.305],[-61.6277,16.3044],[-61.6269,16.3021],[-61.6251,16.3014],[-61.6252,16.301],[-61.6145,16.3033],[-61.6131,16.3031],[-61.6086,16.3046],[-61.6028,16.3039],[-61.6013,16.3025],[-61.6041,16.3012],[-61.6015,16.3014],[-61.6033,16.2986],[-61.6055,16.2973]]]}},{"type":"Feature","properties":{"nom":"Terre-de-Bas","code":"97130"},"geometry":{"type":"Polygon","coordinates":[[[-61.6223,15.8526],[-61.6222,15.8513],[-61.6235,15.8493],[-61.6259,15.8476],[-61.6266,15.8452],[-61.6283,15.8424],[-61.6297,15.8412],[-61.6309,15.8416],[-61.6324,15.8411],[-61.6335,15.8403],[-61.6336,15.8396],[-61.6352,15.8409],[-61.6374,15.8415],[-61.6459,15.8462],[-61.649,15.8474],[-61.6502,15.8472],[-61.6508,15.8478],[-61.6503,15.8491],[-61.6486,15.8502],[-61.649,15.8523],[-61.647,15.8538],[-61.6465,15.8595],[-61.647,15.8611],[-61.646,15.8613],[-61.6446,15.8602],[-61.6406,15.8626],[-61.6377,15.8666],[-61.6365,15.8706],[-61.6355,15.8712],[-61.6348,15.8679],[-61.6317,15.868],[-61.6296,15.8669],[-61.6238,15.8661],[-61.623,15.8654],[-61.6231,15.8639],[-61.625,15.8617],[-61.6244,15.859],[-61.6212,15.8592],[-61.6194,15.8584],[-61.6167,15.8583],[-61.6145,15.8555],[-61.6148,15.8538],[-61.6162,15.8532],[-61.6157,15.8536],[-61.6159,15.8546],[-61.6166,15.8546],[-61.6167,15.8529],[-61.6185,15.8513],[-61.6198,15.8532],[-61.6196,15.8548],[-61.6202,15.8555],[-61.621,15.8554],[-61.6212,15.8547],[-61.6224,15.854],[-61.6227,15.8531],[-61.6223,15.8526]]]}},{"type":"Feature","properties":{"nom":"Terre-de-Haut","code":"97131"},"geometry":{"type":"MultiPolygon","coordinates":[[[[-61.6108,15.8394],[-61.609,15.8362],[-61.6074,15.8355],[-61.6055,15.8355],[-61.6058,15.835],[-61.6077,15.8345],[-61.6098,15.8359],[-61.6108,15.8374],[-61.6122,15.8381],[-61.6111,15.8396],[-61.6108,15.8394]]],[[[-61.5863,15.838],[-61.5852,15.8362],[-61.5843,15.8358],[-61.5848,15.8356],[-61.5843,15.8342],[-61.5849,15.8345],[-61.5853,15.8341],[-61.5847,15.833],[-61.5854,15.832],[-61.5862,15.8322],[-61.5862,15.8329],[-61.5899,15.8335],[-61.5923,15.8352],[-61.5947,15.8347],[-61.5985,15.836],[-61.5964,15.8364],[-61.5956,15.8371],[-61.5955,15.8389],[-61.593,15.8401],[-61.5917,15.843],[-61.591,15.8429],[-61.5905,15.8415],[-61.5872,15.8394],[-61.5863,15.838]]],[[[-61.5713,15.8693],[-61.5716,15.8689],[-61.571,15.8685],[-61.572,15.8674],[-61.5736,15.868],[-61.574,15.8674],[-61.5755,15.8677],[-61.5766,15.8669],[-61.5786,15.8624],[-61.5789,15.8604],[-61.5788,15.8594],[-61.5758,15.8578],[-61.5773,15.8573],[-61.5775,15.8562],[-61.5785,15.8555],[-61.5796,15.8556],[-61.5793,15.8577],[-61.5798,15.858],[-61.5814,15.8568],[-61.5824,15.8569],[-61.5827,15.8576],[-61.5838,15.857],[-61.585,15.8575],[-61.5861,15.8569],[-61.587,15.8574],[-61.5874,15.8588],[-61.5887,15.8591],[-61.5896,15.856],[-61.5902,15.8558],[-61.5912,15.8536],[-61.5927,15.8528],[-61.5932,15.8531],[-61.5934,15.8525],[-61.5938,15.8532],[-61.5975,15.8533],[-61.5982,15.8542],[-61.6006,15.8551],[-61.6025,15.8578],[-61.6038,15.8579],[-61.6056,15.8567],[-61.6067,15.857],[-61.6051,15.8595],[-61.6039,15.8599],[-61.6011,15.8595],[-61.6003,15.8602],[-61.5988,15.8633],[-61.5998,15.8642],[-61.5993,15.8652],[-61.5979,15.8636],[-61.5909,15.864],[-61.5902,15.8642],[-61.59,15.8655],[-61.5886,15.8642],[-61.5868,15.8647],[-61.5866,15.8638],[-61.5848,15.8641],[-61.5839,15.8651],[-61.5846,15.8656],[-61.5845,15.8666],[-61.583,15.8669],[-61.5832,15.8678],[-61.5822,15.8697],[-61.5832,15.8709],[-61.5834,15.873],[-61.5853,15.8743],[-61.5849,15.8762],[-61.5826,15.8773],[-61.582,15.8803],[-61.5811,15.8813],[-61.5803,15.879],[-61.5792,15.8789],[-61.58,15.8768],[-61.5785,15.8752],[-61.5793,15.874],[-61.5789,15.8732],[-61.5782,15.8731],[-61.5764,15.8743],[-61.5751,15.877],[-61.5757,15.8773],[-61.5751,15.8772],[-61.5753,15.8782],[-61.5745,15.8796],[-61.5737,15.8839],[-61.573,15.8838],[-61.5733,15.8831],[-61.5719,15.8824],[-61.5705,15.883],[-61.5717,15.8818],[-61.571,15.8802],[-61.5703,15.8802],[-61.5707,15.879],[-61.5688,15.8798],[-61.5698,15.8788],[-61.5687,15.8791],[-61.5688,15.8787],[-61.5683,15.8787],[-61.5701,15.8767],[-61.5692,15.876],[-61.5694,15.8753],[-61.5718,15.8732],[-61.5717,15.8727],[-61.57,15.8714],[-61.5674,15.8723],[-61.5665,15.8718],[-61.568,15.8706],[-61.5676,15.8701],[-61.5682,15.8696],[-61.569,15.8699],[-61.5694,15.8694],[-61.5705,15.8697],[-61.5713,15.8693]]],[[[-61.5679,15.8731],[-61.5669,15.8747],[-61.5658,15.875],[-61.5667,15.8727],[-61.5675,15.8725],[-61.5679,15.8731]]],[[[-61.5939,15.8718],[-61.5951,15.8723],[-61.5968,15.875],[-61.6009,15.8762],[-61.6017,15.8775],[-61.5997,15.8784],[-61.5982,15.877],[-61.5966,15.8778],[-61.5943,15.877],[-61.5938,15.8786],[-61.5929,15.8779],[-61.5923,15.8781],[-61.5923,15.8776],[-61.5917,15.8779],[-61.591,15.876],[-61.5926,15.8744],[-61.5927,15.873],[-61.5939,15.8718]]]]}},{"type":"Feature","properties":{"nom":"Trois-Rivières","code":"97132"},"geometry":{"type":"Polygon","coordinates":[[[-61.6757,15.9529],[-61.677,15.9529],[-61.6772,15.9536],[-61.6778,15.9537],[-61.679,15.9565],[-61.681,15.9584],[-61.6833,15.965],[-61.6844,15.9662],[-61.6832,15.9705],[-61.6827,15.9708],[-61.684,15.9727],[-61.68,15.9727],[-61.679,15.9733],[-61.6778,15.9758],[-61.6757,15.9761],[-61.674,15.9776],[-61.6696,15.9786],[-61.6672,15.9781],[-61.6655,15.977],[-61.6635,15.9729],[-61.6627,15.9739],[-61.6633,15.9757],[-61.6622,15.9782],[-61.6625,15.9806],[-61.6619,15.9817],[-61.664,15.9831],[-61.6641,15.9849],[-61.6651,15.9866],[-61.6674,15.9878],[-61.6668,15.9895],[-61.6669,15.9931],[-61.6696,15.9972],[-61.6685,15.9989],[-61.6688,16.0011],[-61.6643,16.0034],[-61.664,16.0044],[-61.6644,16.005],[-61.663,16.0063],[-61.6635,16.0082],[-61.6631,16.0093],[-61.6619,16.0102],[-61.6585,16.0154],[-61.6579,16.0181],[-61.6585,16.0194],[-61.6563,16.0237],[-61.6561,16.0271],[-61.6555,16.0281],[-61.6551,16.0316],[-61.6556,16.0334],[-61.6531,16.0307],[-61.6452,16.0268],[-61.6428,16.0267],[-61.6412,16.0275],[-61.6396,16.024],[-61.6368,16.0212],[-61.633,16.019],[-61.6311,16.0153],[-61.6294,16.0141],[-61.6272,16.011],[-61.6269,16.0094],[-61.6274,16.0067],[-61.6265,16.0056],[-61.626,16.0036],[-61.6247,16.0028],[-61.6242,16.001],[-61.6246,15.9983],[-61.6238,15.9977],[-61.6243,15.9967],[-61.6235,15.9949],[-61.6238,15.9933],[-61.6229,15.9926],[-61.6219,15.9896],[-61.6177,15.9889],[-61.6159,15.9867],[-61.6146,15.9862],[-61.6144,15.9823],[-61.6153,15.981],[-61.6166,15.9806],[-61.6164,15.98],[-61.617,15.9795],[-61.6195,15.9785],[-61.62,15.9772],[-61.6208,15.9767],[-61.6187,15.9748],[-61.6185,15.9729],[-61.6192,15.9717],[-61.6203,15.9716],[-61.621,15.9725],[-61.6227,15.9726],[-61.623,15.9723],[-61.6222,15.9715],[-61.6248,15.971],[-61.6256,15.9722],[-61.627,15.9721],[-61.6283,15.9705],[-61.6301,15.9704],[-61.6295,15.9693],[-61.6301,15.9672],[-61.6328,15.9679],[-61.6338,15.9663],[-61.6359,15.967],[-61.6366,15.968],[-61.641,15.9684],[-61.6449,15.9669],[-61.6462,15.9676],[-61.6447,15.9674],[-61.6445,15.9685],[-61.6462,15.9685],[-61.6459,15.968],[-61.6485,15.9699],[-61.65,15.9688],[-61.6504,15.969],[-61.6513,15.9675],[-61.6518,15.9675],[-61.6516,15.9668],[-61.6531,15.967],[-61.6545,15.9661],[-61.6576,15.9629],[-61.6579,15.9614],[-61.6587,15.9607],[-61.6596,15.9605],[-61.6614,15.9629],[-61.6616,15.964],[-61.6628,15.9645],[-61.6652,15.9641],[-61.6686,15.9624],[-61.6724,15.9586],[-61.6735,15.9568],[-61.6732,15.9557],[-61.6752,15.9541],[-61.6757,15.9529]]]}},{"type":"Feature","properties":{"nom":"Vieux-Fort","code":"97133"},"geometry":{"type":"Polygon","coordinates":[[[-61.684,15.9727],[-61.6827,15.9708],[-61.6832,15.9705],[-61.6844,15.9662],[-61.6833,15.965],[-61.681,15.9584],[-61.679,15.9565],[-61.6778,15.9537],[-61.6757,15.9526],[-61.6789,15.9519],[-61.6799,15.9513],[-61.6802,15.9504],[-61.6908,15.9493],[-61.6927,15.9483],[-61.6955,15.9481],[-61.6968,15.9464],[-61.697,15.9468],[-61.7007,15.9468],[-61.7033,15.9489],[-61.7047,15.9489],[-61.7051,15.9494],[-61.7076,15.9483],[-61.7079,15.9506],[-61.7074,15.9518],[-61.7078,15.9527],[-61.7079,15.9521],[-61.7082,15.9526],[-61.7078,15.9529],[-61.71,15.9547],[-61.7092,15.9556],[-61.7092,15.959],[-61.708,15.9616],[-61.7101,15.9705],[-61.7074,15.969],[-61.7064,15.969],[-61.703,15.9692],[-61.6982,15.9713],[-61.6961,15.9702],[-61.6932,15.9707],[-61.6908,15.9715],[-61.6901,15.9739],[-61.6869,15.975],[-61.684,15.9727]]]}},{"type":"Feature","properties":{"nom":"Vieux-Habitants","code":"97134"},"geometry":{"type":"Polygon","coordinates":[[[-61.6635,16.0946],[-61.6664,16.0925],[-61.6682,16.0902],[-61.6756,16.0911],[-61.6771,16.0921],[-61.6804,16.092],[-61.6846,16.0892],[-61.6867,16.0859],[-61.6898,16.0833],[-61.6923,16.0828],[-61.6922,16.0806],[-61.6934,16.0795],[-61.6947,16.0765],[-61.6976,16.0763],[-61.6987,16.0749],[-61.7017,16.0738],[-61.7062,16.0744],[-61.7096,16.0739],[-61.7099,16.0728],[-61.7108,16.0725],[-61.7121,16.0708],[-61.7136,16.0705],[-61.7153,16.071],[-61.7169,16.0705],[-61.7189,16.0673],[-61.7225,16.066],[-61.7225,16.0649],[-61.7253,16.0603],[-61.7287,16.0587],[-61.7295,16.0567],[-61.7311,16.056],[-61.7324,16.0531],[-61.7323,16.0511],[-61.7333,16.0484],[-61.7355,16.0476],[-61.7345,16.0463],[-61.7346,16.0455],[-61.7379,16.0415],[-61.7374,16.0401],[-61.7402,16.0389],[-61.7413,16.0392],[-61.7418,16.038],[-61.7448,16.0375],[-61.7456,16.0365],[-61.7481,16.0367],[-61.7492,16.0346],[-61.7513,16.0342],[-61.753,16.036],[-61.7539,16.0362],[-61.7544,16.0397],[-61.7554,16.0402],[-61.7551,16.0409],[-61.756,16.0401],[-61.7559,16.0407],[-61.7588,16.044],[-61.761,16.0455],[-61.7611,16.0468],[-61.7634,16.0488],[-61.7651,16.0493],[-61.7652,16.0513],[-61.7663,16.0532],[-61.7675,16.054],[-61.7686,16.0575],[-61.7697,16.0588],[-61.7705,16.0621],[-61.77,16.0675],[-61.7694,16.0677],[-61.7699,16.0666],[-61.7693,16.0656],[-61.7683,16.0669],[-61.7696,16.0673],[-61.769,16.0684],[-61.7692,16.0701],[-61.7682,16.074],[-61.7694,16.0797],[-61.7678,16.0815],[-61.7675,16.0839],[-61.7679,16.0848],[-61.769,16.0847],[-61.7692,16.0863],[-61.7698,16.0866],[-61.7679,16.0878],[-61.7663,16.0898],[-61.7665,16.0905],[-61.7649,16.0915],[-61.7631,16.0961],[-61.7614,16.0977],[-61.754,16.1016],[-61.752,16.1039],[-61.7515,16.1062],[-61.7484,16.1071],[-61.7476,16.1084],[-61.7461,16.1081],[-61.7452,16.1094],[-61.743,16.1087],[-61.7425,16.1106],[-61.741,16.1114],[-61.7405,16.1113],[-61.7403,16.1103],[-61.7379,16.1104],[-61.7367,16.1121],[-61.7333,16.1137],[-61.7329,16.1152],[-61.7335,16.1204],[-61.7317,16.1242],[-61.7315,16.1283],[-61.729,16.1306],[-61.7282,16.1321],[-61.7262,16.1329],[-61.7241,16.1353],[-61.7164,16.1332],[-61.7152,16.1296],[-61.7158,16.1276],[-61.7167,16.1269],[-61.7148,16.1239],[-61.7147,16.121],[-61.712,16.1186],[-61.7111,16.117],[-61.7085,16.1173],[-61.7065,16.1187],[-61.6998,16.1203],[-61.6948,16.1156],[-61.694,16.1162],[-61.6914,16.1162],[-61.6887,16.1149],[-61.6859,16.1161],[-61.6796,16.1148],[-61.6777,16.112],[-61.6753,16.1105],[-61.6734,16.1104],[-61.6719,16.1088],[-61.6714,16.108],[-61.6718,16.1075],[-61.6715,16.1062],[-61.6698,16.1029],[-61.669,16.1017],[-61.6663,16.1],[-61.6635,16.0946]]]}}]}